Date,120GB_Forecast,120GB_CI_Lo_80,120GB_CI_Hi_80,120GB_CI_Lo_95,120GB_CI_Hi_95,1TB_Forecast,1TB_CI_Lo_80,1TB_CI_Hi_80,1TB_CI_Lo_95,1TB_CI_Hi_95,240GB_Forecast,240GB_CI_Lo_80,240GB_CI_Hi_80,240GB_CI_Lo_95,240GB_CI_Hi_95,250GB_Forecast,250GB_CI_Lo_80,250GB_CI_Hi_80,250GB_CI_Lo_95,250GB_CI_Hi_95,256GB_Forecast,256GB_CI_Lo_80,256GB_CI_Hi_80,256GB_CI_Lo_95,256GB_CI_Hi_95,2TB_Forecast,2TB_CI_Lo_80,2TB_CI_Hi_80,2TB_CI_Lo_95,2TB_CI_Hi_95,480GB_Forecast,480GB_CI_Lo_80,480GB_CI_Hi_80,480GB_CI_Lo_95,480GB_CI_Hi_95,4TB_Forecast,4TB_CI_Lo_80,4TB_CI_Hi_80,4TB_CI_Lo_95,4TB_CI_Hi_95,500GB_Forecast,500GB_CI_Lo_80,500GB_CI_Hi_80,500GB_CI_Lo_95,500GB_CI_Hi_95,512GB_Forecast,512GB_CI_Lo_80,512GB_CI_Hi_80,512GB_CI_Lo_95,512GB_CI_Hi_95
2026-05-01,105.6118168563011,94.3989999207845,116.8246337918177,88.44219092379132,122.78144278881089,243.37780290593696,212.81395719115557,273.94164862071835,196.57691415517795,290.17869165669595,87.44894252826224,75.67708575023437,99.2207993062901,69.42328683690707,105.4745982196174,121.95395073467067,108.58101278243065,135.3268886869107,101.47663949530313,142.43126197403822,72.95955971173677,66.08000934892205,79.8391100745515,62.42524821867672,83.49387120479682,408.40724202293086,360.1170309938475,456.6974530520142,334.462856384647,482.3516276612147,187.45770817466115,166.09174424476817,208.82367210455413,154.74107590701254,220.17434044230976,818.2755846691058,728.8943392998734,907.6568300383382,681.4105526974688,955.1406166407428,184.62493599003292,162.67828823157618,206.57158374848967,151.01913160989602,218.23074037016983,111.14303009887776,97.13463396781837,125.15142622993714,89.69267352319306,132.59338667456245
2026-06-01,102.7170054633591,86.85968768074481,118.57432324597339,78.43548760873097,126.99852331798724,249.66063791634912,206.43683278822647,292.88444304447177,183.47418631391133,315.8470895187869,89.40858977666423,72.76067026686357,106.05650928646489,63.91646302728198,114.90071652604648,124.36492704789092,105.45273682705918,143.27711726872263,95.40563577224233,153.3242183235395,72.19265226955375,62.46349884343241,81.92180569567509,57.29488608580545,87.09041845330204,424.24257789614654,355.9499065289581,492.535249263335,319.6694248651392,528.8157309271539,186.93887206397315,156.72283610114414,217.15490802680216,140.67056699589125,233.20717713205505,844.3421681343609,717.9379987113952,970.7463375573267,650.7857837054446,1037.8985525632772,196.1424706026944,165.10522369405976,227.17971751132905,148.61668627384762,243.66825493154118,111.07434598995695,91.26348219431797,130.88520978559592,80.73896080288476,141.40973117702913
2026-07-01,109.08707907877788,89.66591045049438,128.50824770706137,79.34841461671877,138.82574354083698,253.61965117619502,200.68151752349735,306.5577848288927,172.5581340205017,334.68116833188833,90.45715821936187,70.06770418039355,110.8466122583302,59.235806722191626,121.67850971653212,126.87420077404505,103.71159279429922,150.03680875379087,91.40645730505926,162.34194424303084,71.15958349739098,59.24385273576697,83.07531425901499,52.91362076865421,89.40554622612775,435.0198168148681,351.3787178042728,518.6609158254633,306.944383954894,563.0952496748421,188.64586436107203,151.6389292818134,225.65279944033065,131.97899502095726,245.3127337011868,857.0540976071652,702.2412393838744,1011.866955830456,619.9969084527511,1094.1112867615793,206.920567307421,168.90785833395628,244.93327628088574,148.71360669180316,265.1275279230389,110.53439404181883,86.27114021027268,134.79764787336498,73.38128661226379,147.68750147137388
2026-08-01,115.84778231738295,93.42214844634977,138.27341618841615,81.50853045236337,150.18703418240253,255.94585434271596,194.81816291315317,317.07354577227875,162.34407684119793,349.547631844234,91.9523974244946,68.40868386843889,115.49611098055033,55.901086041784275,128.00370880720493,128.7276056812043,101.98172977672424,155.47348158568434,87.77298320246922,169.68222815993937,69.95065434658771,56.19155362095826,83.70975507221716,48.88203136046761,91.01927733270782,442.15770913637573,345.57728707820905,538.7381311945423,294.26893785980803,590.0464804129434,187.401145149885,144.66921729009906,230.13307300967094,121.96788061458777,252.8344096851822,860.7671780121165,682.0046872736518,1039.529668750581,587.0371140688424,1134.4972419553906,217.3378916177482,173.4445961008347,261.2311871346617,150.1262828574744,284.549500378022,109.53938456637695,81.52259230425818,137.55617682849572,66.63867141500758,152.4400977177463
2026-09-01,120.5188122231142,95.44619133603821,145.59143311019017,82.1263614897791,158.9112629564493,257.13033348624134,188.78749681417452,325.47317015830816,152.480364832139,361.7803021403437,93.04998627846655,66.72731430140459,119.3726582555285,52.74339481359043,133.35657774334265,130.39839595779387,100.49559763769832,160.3011942778894,84.60973603014757,176.18705588544015,68.6720068240036,53.28886455811653,84.05514908989068,45.11657022936402,92.22744341864319,446.690901728707,338.71070721986655,554.6710962375474,281.3462288870451,612.0355745703689,185.6519851749895,137.87623742294028,233.42773292703873,112.49537142966412,258.8085989203149,860.2491949893084,660.3866544301166,1060.1117355485003,554.2096797580459,1166.288710220571,227.61980428879178,178.5456080226391,276.69400055494447,152.47494125624547,302.7646673213381,108.30043121359097,76.97670520879713,139.62415721838482,60.335975768750394,156.26488665843155
2026-10-01,125.33452412359432,97.86884405234092,152.8002041948477,83.27770151448755,167.3913467327011,257.5168476134785,182.6510210351139,332.3826741918431,142.8785506653577,372.1551445615993,93.88514179888169,65.05009936758981,122.72018423017357,49.731483075966,138.03880052179738,131.78155266408652,99.0246783191987,164.53842700897434,81.62258882347705,181.940516504696,67.43297474854484,50.581586699869874,84.2843627972198,41.6292867990113,93.23666269807838,449.3888665944597,331.10249000188503,567.6752431870344,268.2628524370797,630.5148807518398,183.78644684223264,131.45073735128443,236.12215633318084,103.64739168421822,263.92550200024704,855.904391254489,636.9659475253679,1074.8428349836101,520.6548992942724,1191.1538832147057,237.8730605271801,184.11497195436482,291.63114909999535,155.55598740005672,320.19013365430345,106.97954663605069,72.66612400017716,141.29296927192422,54.43711822486936,159.52197504723202
2026-11-01,130.8373184174827,101.17099330961241,160.50364352535297,85.41075809605633,176.26387873890906,257.3161860433113,176.45185117225253,338.18052091437005,133.4926732720026,381.13969881462,94.2262820675249,63.0808765633931,125.37168757165671,46.53487988932307,141.91768424572675,133.00306848602335,97.62160036609887,168.38453660594783,78.82519542738899,187.1809415446577,66.30853935503742,48.10695996308548,84.51011874698938,38.43737091111101,94.17970779896385,450.69171585812046,322.92782671633745,578.4556049999035,255.05326060976523,646.3301711064757,182.54538497171194,126.01635789203885,239.07441205138502,95.98531225596253,269.10545768746135,850.249291043905,613.7687439236727,1086.7298381641374,488.1384532660492,1212.3601288217608,248.30581314698208,190.24044106657234,306.3711852273918,159.39321214885467,337.2184141451095,105.63615034603761,68.57341791637509,142.69888277570013,48.88384131311688,162.38845937895834
2026-12-01,136.59220367844296,104.87756811321437,168.30683924367153,88.02916796918669,185.15523938769923,256.6198981134753,170.17228785723,343.0675083697206,124.2469949085997,388.99280131835087,94.6717554075239,61.3759163879226,127.9675944271252,43.68750190875941,145.6560089062884,134.04068584634334,96.21630540467987,171.8650662880068,76.12210329504616,191.95926839764053,65.3206459381377,45.86233908589503,84.77895279038037,35.52511357064111,95.11617830563429,450.95574807512764,314.3704053407507,587.5410908095046,241.80944201311294,660.1020541371423,181.34168989927025,120.90961797361226,241.77376182492824,88.80507976310645,273.87830003543405,844.7729454376192,591.9646065916877,1097.5812842835508,457.66017657978654,1231.8857142954519,259.0187259244424,196.9442321071731,321.09321974171166,163.9671572667488,354.07029458213594,104.33088408048327,64.70915648920531,143.95261167176125,43.6601137063389,165.00165445462764
2027-01-01,142.63350980029486,108.99505899374508,176.27196060684463,91.12463200276551,194.1423875978242,255.42772209207436,163.73618494773018,347.11925923641854,115.02505583979735,395.8303883443514,95.04511392300346,59.72954358891987,130.36068425708703,40.968146848937955,149.12208099706896,134.902346012006,94.78353215528593,175.0211598687261,73.4704122939034,196.33427973010862,64.43935086464782,43.800699776203636,85.07800195309201,32.836416385467665,96.04228534382798,450.4047997433466,305.53416665609655,595.2754328305966,228.571642828495,672.2379566581982,180.13009388389952,116.0322020942206,244.22798567357844,81.98019708095367,278.2799906868454,839.3502555717979,571.2065194641009,1107.493991679495,428.7551596568868,1249.9453514867091,270.09027552973146,204.25033225436118,335.93021880510173,169.27286238932072,370.9076886701422,103.04865455689743,61.02346616371927,145.0738429500756,38.69758482984338,167.39972428395149
2027-02-01,149.19387243452303,113.73583193178123,184.65191293726483,94.89874791469967,203.4889969543464,253.69005412423286,157.0386876115466,350.3414206369191,105.69264915168205,401.68745909678364,95.34121516374634,58.11533545588711,132.56709487160558,38.3390868610869,152.34334346640577,135.5590811629779,93.27013822579138,177.8480241001644,70.80413729041105,200.31402503554472,63.59880307288161,41.84375464854932,85.3538514972139,30.286385173122795,96.91122097264042,449.132540490338,296.4254849482511,601.8395960324249,215.29986169151738,682.9652192891585,178.87935726324412,111.31424683978017,246.44446768670807,75.42028192731495,282.3384325991733,834.3664019323732,551.7180864632213,1117.014717401525,401.5611688702344,1267.1716349945118,281.60059864394003,212.1992047217878,351.00199256609227,175.3297142006444,387.8714830872357,101.74163995320393,57.443201813165665,146.0400780932422,33.909656551270345,169.5736233551375
2027-03-01,156.37011876833748,119.18141215028628,193.55882538638866,99.42491175944657,213.3153257772284,251.35814510349445,149.98933671725283,352.72695348973605,96.13715726206198,406.5791329449269,95.36313823214903,56.32030621362857,134.4059702506695,35.57880170378958,155.1474747605085,135.99668912185982,91.64367158957597,180.34970665414366,68.08113102555018,203.91224721816945,62.72290484810126,39.906017568291446,85.53979212791107,27.784546200892486,97.66126349531004,447.1564236912875,286.99591266073594,607.3169347218391,201.91064117575544,692.4022062068195,177.6056552929515,106.74276965322917,248.46854093267382,69.0968616571267,286.1144489287763,829.1729610519221,532.7289068674874,1125.617015236357,375.24300308200634,1283.1029190218378,293.62223435313075,220.8334383322353,366.4110303740262,182.1643904461346,405.0800782601269,100.35602624800269,53.89543236661246,146.81662012939293,29.213241867123898,171.49881062888147
2027-04-01,164.20191138769042,125.35957413112342,203.0442486442574,104.7245824635722,223.67924031180863,248.43035354828365,142.55408624288827,354.306620853679,86.307319236897,410.5533878596703,95.31583115818185,54.53692308024521,136.0947392361185,32.873128163841365,157.75853415252234,136.21299322955286,89.8877772700612,182.53820918904452,65.27750629158128,207.14848016752444,61.75330250917577,37.921840985927744,85.58476403242379,25.261377051702233,98.24522796664931,444.5177934482887,277.23559542709813,611.7999914694793,188.3669277283406,700.6686591682369,176.13246838955985,102.1185982310426,250.1463385480771,62.79872970933032,289.4662070697894,823.0315345681672,513.4058181215855,1132.657251014749,348.917156259339,1297.1459128769955,306.2620756977836,230.23665775085414,382.28749364471304,189.8481544665479,422.6759969290193,98.85091339206151,50.324405728969225,147.3774210551538,24.544698532951443,173.15712825117157
2027-05-01,172.7444580289221,132.31607162552604,213.1728444323182,110.83849134872187,234.65042470912235,244.98275594287912,134.78324304286448,355.1822688428938,76.23975181473173,413.7257600710265,95.16719736203237,52.7231641414346,137.61123058263013,30.174771492992036,160.15962323107271,136.23437105458393,88.0175575641841,184.45118454498376,62.402375397409216,210.06636671175863,60.67156618122377,35.866994595958374,85.47613776648916,22.68956594128614,98.6535664211614,441.3510160378953,267.23818406955866,615.463848006232,174.7407420863799,707.9612899894107,174.34563792305323,97.30955942411003,251.38171642199643,56.38414272154647,292.30713312456,815.500159002231,493.23149575863556,1137.7688222458264,322.0262684104755,1308.9740495939866,319.6717681589017,240.54200434123908,398.8015319765644,198.5043173131058,440.83921900469767,97.22648065288882,46.71849011534284,147.73447119043482,19.886120142271537,174.56684116350613
2027-06-01,182.05399814519717,140.09947883187755,224.0085174585168,117.8111404466765,246.29685584371782,241.1761269208446,126.81668783391373,355.5355660077755,66.06323581898172,416.2890180227075,94.91952260025818,50.87326773070534,138.96577746981103,27.473694831255386,162.36535036926097,136.11344661274524,86.07649454087675,186.15039868461372,59.49436375269663,212.73252947279383,59.50918513097277,33.76826469826369,85.25010556368184,20.093400718387002,98.92496954355853,437.9065809093786,257.2211561035365,618.5920057152207,161.23202417543285,714.5811376433244,172.2424527219887,92.29833595815907,252.18656948581835,49.82802392737459,294.6568815166028,806.224772644006,471.79077566916357,1140.6587696188483,294.1227147762786,1318.3268305117333,334.05061890862953,251.93378220827404,416.16745560898505,208.3092127112102,459.79202510604887,95.53182666106258,43.11720780042872,147.94644552169643,15.271941530716987,175.79171179140818
2027-07-01,192.18785367382304,148.7608004184948,235.6149069291513,125.69017837660165,258.68552897104445,237.23742986513636,118.8641644157351,355.6106953145376,55.97836714574069,418.496492584532,94.49184713579231,48.8996418805515,140.08405239103314,24.67878283870482,164.3049114328798,135.92391821008528,84.13075223119453,187.717084188976,56.61563280490884,215.2322036152617,58.34253531529742,31.698151330720783,84.98691929987405,17.54332233891445,99.14174829168039,434.53006348469825,247.50288038421675,621.5572465851798,148.14468936208596,720.9154376073105,169.92760745092227,87.17758497477841,252.6776299270661,43.21663553432698,296.63857936751754,795.4410612878975,449.26898650958174,1141.6131360662132,265.3650717836015,1325.5170507921935,349.64424138325353,264.64524010967017,434.6432426568369,219.489520683079,479.798962083428,93.85971622221831,39.60543129954889,148.11400114488774,10.782842434380754,176.93659001005585
2027-08-01,203.2254798666772,158.37421212461084,248.07674760874357,134.54697613663808,271.90398359671633,233.4206908966669,111.16530803754134,355.67607375579246,46.21713589363088,420.62424589970294,93.99299805818671,46.90557094607526,141.08042517029816,21.890375292766052,166.09562082360736,135.7467537288939,82.25500191993379,189.23850553785402,53.83750877142374,217.65599868636406,57.27417129085633,29.75596983959742,84.79237274211525,15.136925318616122,99.41141726309654,431.6083691999706,238.44752508363723,624.7692133163039,135.83082664683513,727.385911753106,167.5274788941783,82.0636231746064,252.9913346137502,36.66094982358385,298.39400796477275,783.8270272711146,426.30204579418523,1141.352008748044,236.36689938456652,1331.2871551576627,366.7282206161593,278.9416295823323,454.5148116499863,232.30500309561168,501.15143813670693,92.32844489508562,36.29486037084808,148.36202941932316,6.527018592346877,178.12987119782437
2027-09-01,215.28152844686576,169.0498998610163,261.5131570327152,144.4893471747838,286.0737097189477,229.95758488961658,103.9396206824912,355.975549096742,36.99257719745583,422.92259258177734,93.4721447989297,44.93553589347763,142.00875370438177,19.15046241245622,167.7938271854032,135.65463855139402,80.51660284947724,190.7926742533108,51.22452138283397,220.08475571995405,56.40554908704772,28.040436284406297,84.77066188968914,12.971470108003047,99.83962806609239,429.49534884263,230.3897080863525,628.6009895989075,124.61483643458007,734.3758612506799,165.16225531824603,77.06812924216028,253.25638139433175,30.26812476423973,300.05638587225235,772.3504961201056,403.8221805135113,1140.8788117267,208.0415128475081,1336.6594793927031,385.5888399594737,295.1004931231314,476.07718679581603,247.0285588663246,524.1491210526228,91.05371783987714,33.2956209460255,148.81181473372877,2.6116319711668297,179.49580370858746
2027-10-01,228.50826532222453,180.93631197438165,276.0802186700674,155.66371175834013,301.35281888610893,227.01076185125947,97.33934646689153,356.6821772356274,28.451407043946062,425.5701166585729,92.9703711472435,43.02661261784155,142.91412967664544,16.493990899096772,169.4467513953902,135.69725716104256,78.96068649854737,192.43382782353774,48.8193833340968,222.5751309879883,55.80861868679671,26.621158408432713,84.9960789651607,11.115320135551833,100.50191723804159,428.4353558310564,223.55734172949104,633.3133699326218,114.71589673803442,742.1548149240784,162.92153234218978,72.2734244537028,253.56964023067675,24.116617137944104,301.72644754643545,762.1396627695179,382.92715450062065,1141.3521710384152,181.470509482769,1342.808816056267,406.50469635404875,313.3929556281448,499.6164370799527,263.92734336750846,549.082049340589,90.11986959185965,30.68727820494272,149.5524609787766,0.0,181.1260251530762
2027-11-01,243.09235355801866,194.2168176636804,291.9678894523569,168.25168921981322,317.9330178962241,224.6421794880892,91.41746469138843,357.86689428478996,20.641834955641173,428.6425240205372,92.46260259735189,41.15026852409411,143.77493667060966,13.890591047675912,171.03461414702787,135.89194372453022,77.60065861247618,194.18322883658425,46.63341339669748,225.15047405236297,55.50402991438398,25.516765105876,85.49129472289195,9.586030676356138,101.42202915241182,428.5057889814782,218.0136391434506,638.9979388195057,106.18968454199847,750.8218934209578,160.84135868924352,67.7092810875049,253.97343629098214,18.23286486158125,303.4498525169058,754.1415586629598,364.5377426506632,1143.7453746752565,157.5607153941305,1350.7224019317891,429.73337800871457,334.0701582801181,525.396597737311,283.24907279930125,576.2176832181278,89.55742181527282,28.496238718898795,150.61860491164686,0.0,183.05735843159556
2027-12-01,259.2464350478402,209.1011932736882,309.3916768219921,182.46153358117,336.0313365145104,222.80471727041635,86.11904392628267,359.49039061455005,13.504779962211643,432.1046545786211,91.98005674603205,39.33471279190814,144.62540070015595,11.366873816279806,172.59323967578428,136.22180219982116,76.41620555963007,196.02739884001224,44.64448234452857,227.79912205511374,55.45191898353815,24.685634451764003,86.2182035153123,8.341045794258989,102.56279217281731,429.59542146838515,213.63503245070427,645.5558104860661,98.90607578506132,760.284767151709,158.88224598110506,63.330750477006575,254.43374148520354,12.569018490454283,305.1954734717558,748.9244039585574,349.1993228401737,1148.6494850769411,136.84537349603238,1361.0034344210824,455.50856942561404,357.3601768933087,553.6569619579194,305.2188433605214,605.7982954907067,89.33314020645935,26.68568819687166,151.98059221604703,0.0,185.2620510961405
2028-01-01,277.1968948363851,225.81331247569756,328.5804771970727,198.51578434658228,355.878005326188,221.35922205171636,81.29808553477895,361.4203585686538,6.8906067601559755,435.82783734327677,91.5265097511779,37.58108499568625,145.47193450666956,8.922578094331314,174.13044140802447,136.64189569227682,75.35939526218915,197.9243961223645,42.80306690870508,230.48072447584855,55.557886928430534,24.031826643571133,87.08394721328993,7.283607117239576,103.8321667396215,431.4252892419528,210.13174187578704,652.7188366081185,92.5695448375115,770.281033646394,156.93475640192057,59.023609397489864,254.84590340635128,7.008312551386069,306.8612002524551,746.5447229495948,336.9484003356664,1156.1410455635232,119.35035394701697,1373.7390919521727,484.04817967608636,383.4760050724254,584.6203542797473,330.04703731423047,638.0493220379423,89.35553133201819,25.160995696512018,153.55006696752434,0.0,187.65341402388702
2028-02-01,297.17174323438235,244.57896996802026,349.76451650074443,216.6390591702654,377.7044272984993,220.11252114034917,76.75537751892674,363.4696647617716,0.5968949700460655,439.62814731065225,91.08811804955678,35.87321549551063,146.30302060360293,6.540298513673605,175.63593758543996,137.09179742601702,74.36715849968954,199.8164363523445,41.044694070078066,233.13890078195598,55.692760289783614,23.424808847538422,87.96071173202881,6.282459643845662,105.10306093572157,433.6074331889777,207.10626633296602,660.1086000449894,86.77752144070985,780.4373449372456,154.85043964892606,54.63518570833712,255.06569358951498,1.3958320523992427,308.3050472454529,746.5164490697296,327.2812471572372,1165.751650982222,104.56254614122565,1388.4703519982336,515.5719777294097,412.63307520785054,618.5108802509689,357.9467832432723,673.1971722155471,89.49435481510113,23.789152832130625,155.19955679807163,0.0,190.10544535152474
2028-03-01,319.39248832313035,265.61770739864517,373.16726924761554,237.04985503251237,401.73512161374833,218.8665870040073,72.28753225139235,365.44564175662225,0.0,443.315764593949,90.61374989588248,34.15790807189395,147.069591719871,4.16574210290004,177.06175768886493,137.51127893147532,73.37692154081756,201.64563632213307,39.305544177030626,235.71701368592,55.721115756804366,22.727951260600037,88.7142802530087,5.2003326219914925,106.24189889161724,435.7270697478286,204.13535342712717,667.31878606853,81.10225413175453,790.3518853639026,152.486106959771,50.01854361882778,254.95367030071424,0.0,309.3895633255903,747.9478024751489,319.2904083404355,1176.6051966098623,91.5661677063689,1404.329437243929,550.3249919923142,445.07256684126685,655.5774171433615,389.1572159797729,711.4927680048554,89.60928625154503,22.42737849515848,156.79119400793158,0.0,192.48158250351193
2028-04-01,344.0724944811078,289.141134338601,399.00385462361464,259.95884926289426,428.18613969932136,217.46633830842248,67.73468515169327,367.1979914651517,0.0,446.74293220466404,90.08113962006573,32.41105475748196,147.7512244826495,1.7738221742343399,178.38845706589711,137.85512239926751,72.34137370949188,203.36887108904315,37.53719471804857,238.17305008048646,55.531304764627635,21.828528667277702,89.23408086197756,3.923928865560555,107.13868066369471,437.4280406899152,200.85528750476573,674.0007938750646,75.1760123751551,799.6800690046753,149.74606798805704,45.07464900616064,254.41748696995342,0.0,310.02417830408586,749.7520207986705,311.87513334042836,1187.6289082569126,79.25303687823725,1420.2510047191038,588.6012520404657,481.0850748948352,696.1174291860963,423.967105786219,753.2353982947125,89.58047626043017,20.95363098868313,158.20732153217722,0.0,194.6653330827928
2028-05-01,371.4227127464962,315.3586280689132,427.48679742407916,285.5745830839473,457.2708424090451,215.8341801594114,63.01495158550446,368.6534087333183,0.0,449.83862391320645,89.48198608293725,30.62270219279793,148.34126997307658,0.0,179.61026453971309,138.10338456045116,71.23869479925102,204.9680743216513,35.71682836361346,240.48994075728888,55.059405586968396,20.66165377289476,89.45715740104202,2.387848121668142,107.73096305226865,438.48087925562896,197.02982411021227,679.9319344010456,68.75895106420967,808.2028074470483,146.61347653320718,39.78365688374231,253.44329618267204,0.0,310.1966378714502,750.9052035111521,303.9989766649903,1197.8114303573138,66.58004365296699,1435.2303633693373,630.7627709473654,521.0295321550816,740.4960097396493,462.73374904668094,798.7917928480499,89.33335064506718,19.291369989770246,159.3753313003641,0.0,196.58513352349064
2028-06-01,401.66387285428743,344.48950049774464,458.8382452108302,314.11561518333133,489.21213052524354,213.98309905495398,58.13745334484446,369.8287447650635,0.0,452.6217440485592,88.82496727788013,28.80003985549657,148.8498947002637,0.0,180.73813739340494,138.26470285382285,70.07583128128543,206.45357442636026,33.850493258374925,242.6789124492708,54.30121085108179,19.222249306345176,89.3801723958184,0.5865509857038447,108.01587071645974,438.81763473008203,192.5849063772726,685.0503630828914,61.773769439842624,815.8615000203215,143.16377952608974,34.2183125208459,252.10924653133358,0.0,309.9865258778694,750.684272069789,294.9275577828485,1206.4409863567296,52.80680331791143,1448.5617408216667,677.2500842746788,565.3436990963604,789.1564694529972,505.89343197037886,848.6067365789787,88.85163692835096,17.422551701941472,160.28072215476044,0.0,198.22742368129047
2028-07-01,435.0426014444418,376.77909555959127,493.30610732929233,345.82660805826447,524.2585948306191,212.00589794770212,53.19149698960908,370.8202989057952,0.0,455.1904494147821,88.12157669920906,26.953214582304085,149.28993881611405,0.0,181.7856311907198,138.37211329089607,68.88428935165858,207.85993723013354,31.968882883938676,244.77534369785346,53.30955171546486,17.562359430592828,89.05674400033689,0.0,108.04743990167518,438.52643933362896,187.60314230184304,689.4497363654149,54.300140753706785,822.7527379135511,139.55637518080636,28.535569943030453,250.57718041858226,0.0,309.55698320115073,748.8125229631636,284.37394829329094,1213.2510976330364,37.64095549992112,1459.984090426406,728.5830295963015,614.5449026759073,842.6211565166956,553.9621477494479,903.203911443155,88.17574187240953,15.38598037777109,160.96550336704797,0.0,199.63506416107464
2028-08-01,443.41695859334993,384.0843083776094,502.7496088090905,352.5638379504972,534.2700792362026,210.04442202033826,48.31575227822077,371.77309176245575,0.0,457.69144756295566,87.40704674554974,25.116235737286118,149.69785775381337,0.0,182.7898511019534,138.4728148258927,67.70987858604374,209.23575106574165,30.11706870862399,246.8285609431614,52.178098004026204,15.774939220122313,88.5812567879301,0.0,107.92043489187904,437.80928664887097,182.28150836530494,693.337064932437,46.53237615216051,829.0861971455814,136.00549095499377,22.947436795647604,249.06354511433995,0.0,309.1256363864926,745.490673696775,272.52957945631033,1218.4517679372398,21.268998141063435,1469.7123492524865,785.35319484099,669.2224506801706,901.4839390018094,607.5279928447352,963.1783968372448,87.3874516776276,13.26198681830256,161.51291653695262,0.0,200.89206974346905
2028-09-01,439.90005390953326,379.51718675954754,500.28292105951897,347.43878858611765,532.3613192329489,208.24772307488945,43.65637676095997,372.8390693888189,0.0,460.27822211809394,86.72921849415292,23.335829658489494,150.12260732981633,0.0,183.80034514876252,138.61485530587507,66.59938047747872,210.63033013427142,28.34115947489316,248.88855113685696,51.01623296606368,13.968720463324402,88.06374546880296,0.0,107.7452364858832,436.915801839458,176.86505687653994,696.9665468023761,38.71309861498975,835.1185050639262,132.73755046095206,17.678313435187206,247.79678748671694,0.0,308.9220071566545,741.3034217284937,259.9706847482499,1222.6361587087376,4.262668227495283,1478.344175229492,782.6034365848319,664.4171214414132,900.7897517282506,601.6306415214721,963.5762316481918,86.58542897215438,11.147907122774214,162.02295082153455,0.0,202.09913430401775
2028-10-01,436.4059529971956,374.9908253096117,497.8210806847795,342.36403872558276,530.4478672688084,206.73071818308935,39.325640762155615,374.1357956040231,0.0,463.0697429838941,86.13744688137933,21.660331870919876,150.61456189183878,0.0,184.8680292411454,138.83442651132447,65.5878287457364,212.08102427691253,26.675573682767734,250.9932793398812,49.92177746969803,12.240928277633266,87.6026266617628,0.0,107.62057779504718,436.07148493620656,171.57510606306948,700.5678638093436,31.0614047867154,841.0815650856978,129.9460330266933,12.91982895425221,246.9722370991344,0.0,309.1424080126187,737.0304508189736,247.4692077526463,1226.5916938853009,0.0,1486.6711042642874,776.9502853688116,656.743544979542,897.1570257580812,592.8837141477426,961.0168565898806,85.85822379090283,9.131078236409607,162.58536934539603,0.0,203.34666542122056
2028-11-01,432.9351387207334,370.5048161802272,495.3654612612396,337.33870733058325,528.5315701108835,205.54438059638665,35.37208963459173,375.7166715581816,0.0,466.1207011316351,85.66463057350296,20.121705920460386,151.20755522654554,0.0,186.02723394847442,139.14717148510013,64.68980412828103,213.60453884191924,25.134327719970884,253.16001525022938,48.958683354229024,10.65496801185484,87.26239869660321,0.0,107.61124747223948,435.41958367336446,166.551067632093,704.2880997146359,23.714668485167522,847.1244988615614,127.75509925815926,8.79444671178949,246.71575180452902,0.0,309.913598469788,733.417703140823,235.76399046864532,1231.0714158130008,0.0,1495.4499506700952,771.3188673175041,649.1251040443851,893.5126305906231,584.2096673055407,958.4280673294675,85.26194039000698,7.26649163108857,163.2573891489254,0.0,204.69247130210078
2028-12-01,429.48800550416314,366.058734373706,492.9172766346203,332.3619340856506,526.6140769226756,204.66506381958814,31.769843307097545,377.5602843320787,0.0,469.41087022933937,85.32977545045523,18.738097411252625,151.92145348965784,0.0,187.2982824479842,139.54572255893868,63.89696167561175,215.1944834422656,23.708557456344323,255.38288766153303,48.14527681747245,9.228663112987107,87.06189052195779,0.0,107.73634155246563,434.99134679411014,161.82066132535624,708.162032262864,16.69873467008074,853.2839589181395,126.20048307173815,5.336339220422161,247.06462692305413,0.0,311.2737033440658,730.9683168998482,225.35163920798504,1236.5849945917114,0.0,1505.1938546155136,765.711408472456,641.5624208379174,889.8603961069946,575.6082711570689,955.8145457878431,84.80823000810801,5.564774825552092,164.05168519066393,0.0,206.14977075639678
2029-01-01,426.0648708409567,361.65214151071905,490.47760017119435,327.4328790540303,524.6968626278831,204.0051805721086,28.42925414442402,379.5811069997932,0.0,472.8558179145006,85.13599295915958,17.511824231705205,152.76016168661397,0.0,188.68550132307408,140.00393837645322,63.182258541544414,216.82561821136204,22.37074112924911,257.63713562365734,47.45565785219242,7.935649812989787,86.97566589139504,0.0,107.97067016222144,434.71121131780114,157.3050688466903,712.1173537889119,9.933055658912622,859.4893669766897,125.23154693023461,2.4934286312925735,247.96966522917666,0.0,313.17429057548964,729.8096902160883,216.35352676694595,1243.2658536652307,0.0,1516.0394404975873,760.1298209389349,634.0559280089767,886.2037138688931,567.0791723899364,953.1804694879335,84.46534499581944,3.99323584342784,164.93745414821103,0.0,207.68826213541905
2029-02-01,422.66598532362565,357.2845891669217,488.0473814803296,322.5507224586727,522.7812481885786,203.44161183576296,25.225297751398955,381.65792592012696,0.0,476.3353427774453,85.07162900584672,16.430498420157647,153.7127595915358,0.0,190.1783602151831,140.486471377739,62.50951348547639,218.46342927000163,21.084254605211882,259.88868815026615,46.83327086851327,6.7189436447750595,86.94759809225147,0.0,108.2583344298624,434.43375655092524,152.8558590484123,716.0116540534382,3.267601000202319,865.5999121016482,124.73296782894629,0.14905996674050925,249.31687569115206,0.0,315.5020767429489,729.6699822935243,208.49224024416617,1250.8477243428824,0.0,1527.723399806604,754.5757426587599,626.605895326084,882.5455899914357,558.6219139306,950.5295713869197,84.1714031253903,2.4891191612459806,165.85368708953462,0.0,209.24740044548628
2029-03-01,419.29154139029345,352.95562180648676,485.62746097410013,317.71466452758943,520.8684182529975,202.85347816293114,22.035328435937117,383.67162788992516,0.0,479.7312699323907,85.11067548742284,15.467431593388,154.75391938145768,0.0,191.75189270016367,140.96086665976748,61.845498799874676,220.07623451966026,19.815459624306627,262.1062736952283,46.21242236567845,5.512453547414609,86.91239118394229,0.0,108.53424961864495,434.00064309346743,148.31190190269336,719.6893842842414,0.0,871.4615280418402,124.55954807684063,0.0,250.96229532891607,0.0,318.11375480658114,729.9666215689596,201.1800428517779,1258.7532002861412,0.0,1539.671070229644,749.0505720839171,619.2124529733026,878.8886911945317,550.2359521957886,947.8651919720456,83.85574025425053,0.9809511096392214,166.73052939886185,0.0,210.7577611319366
2029-04-01,415.9416809547639,348.66477934166437,483.21858256786345,312.9239253597052,518.9594365498226,202.15851320452487,18.775438915836503,385.5415874932132,0.0,482.9638457090789,85.22312084530263,14.591980177135454,155.8542615134698,0.0,193.37705499343363,141.40874440004686,61.171116686606695,221.64637211348702,18.544876963841617,264.2726118362521,45.54148928077288,4.26418710388451,86.81879145766125,0.0,108.74735823913319,433.30053050264377,143.55926432814368,723.0417966771438,0.0,876.9668443323469,124.57443991410925,0.0,252.77022349346709,0.0,320.8742335200009,729.9803367359165,193.69286452052233,1266.2678089513106,0.0,1551.1705285657386,743.555498486586,611.8756119358454,875.2353850373265,541.9206722057645,945.1903247674074,83.46214083778551,0.0,167.51251762414182,0.0,212.16428029189362
2029-05-01,412.61650206086404,344.4115993464104,480.82140477531766,308.1777447793569,517.0552593423712,201.3378356368516,15.42522014116355,387.25045113253964,0.0,486.0165281146239,85.38359426088118,13.778184939456168,156.9890035823062,0.0,195.02937728431323,141.83291149625128,60.48850560036266,223.1773173921399,17.274289968171814,266.3915330243308,44.80125434773572,2.9545831755067766,86.64792551996467,0.0,108.87896958021129,432.3144679836687,138.57658175576677,726.0523542115707,0.0,882.1006062701435,124.68054798970968,0.0,254.64463280616596,0.0,323.68805286490834,729.0648381374568,185.37994789409913,1272.7497283808145,0.0,1561.5823263225984,738.0915284879472,604.595281837153,871.5877751387414,533.6754008039187,942.5076561719758,82.96736324803435,0.0,168.17711034361693,0.0,213.4447884881452
2029-06-01,409.31606468509744,340.19561895507127,478.4365104151236,303.47538216099485,515.1567472092,200.44222063730078,12.034022128519013,388.8504191460826,0.0,488.9422746038729,85.57710584044172,13.0105070770215,158.14370460386192,0.0,196.69471019692892,142.25838987998077,59.82206390635709,224.69471585360446,16.02776573286951,268.489014027092,44.01327120623542,1.6048746155700186,86.42166779690083,0.0,108.95112848569184,431.13352663009914,133.45267355609093,728.8143797041073,0.0,886.9573328996742,124.83711446772396,0.0,256.54576170408626,0.0,326.5159805484037,726.8338496279971,175.85084907109524,1277.816850184899,0.0,1570.526569230753,732.6595092259577,597.3712864654991,867.9477319864162,525.4994181240056,939.8196003279097,82.38978746550518,0.0,168.74334073494407,0.0,214.61866590933352
2029-07-01,406.0403957967669,336.01637647805813,476.0644151154757,298.81611621499405,513.2646753785398,199.57809582480263,8.706940512635384,390.4492511369699,0.0,491.84955239655875,85.79875987328734,12.283537857070712,159.31398188950396,0.0,198.36894358561904,142.7270204172402,59.21304967279525,226.24099116168514,14.846252714808884,270.6077881196715,43.23597716444958,0.2731989187906336,86.19875541010853,0.0,109.02273135311484,429.94326043721173,128.37098921835002,731.5155316560734,0.0,891.7258007410937,125.05780262484807,0.0,258.48820460088206,0.0,329.37310565065013,723.2743911104919,165.08869268527985,1281.460089535704,0.0,1577.996241824098,727.2601486153428,590.2033772922257,864.3169199384599,517.3919675268197,937.1283297038659,81.78579670516439,0.0,169.26820250440215,0.0,215.74323058524718
2029-08-01,402.7894937705202,331.8734127650366,473.7055747760038,294.1992447308735,511.37974281016693,198.8770290407242,5.574296015351706,392.1797620660967,0.0,494.87183898582583,86.05278425271504,11.601024836996586,160.50454366843348,0.0,200.05704085803393,143.2870475025645,58.70916162819147,227.86493337693753,13.777159757430809,272.7969352476982,42.549658280629686,0.0,86.05975512929426,0.0,109.17449408014731,428.9787903295387,123.56467924536486,734.3929014137125,0.0,896.6441479271799,125.39176191353602,0.0,260.5219827604639,0.0,332.3099125853944,718.7556426741182,153.45901173581456,1284.052273612422,0.0,1584.3661087983958,721.8940330611213,583.0912452168168,860.6968209054257,509.35226417453,934.4358019477125,81.23489274216065,0.0,169.83176902223718,0.0,216.89885954602784
2029-09-01,399.5633322339288,327.766272344225,471.3603921236326,289.62408427781986,509.50258019003775,198.45694697349145,2.7528456880166345,394.1610482589663,0.0,498.12885206687474,86.3485234720152,10.971862017036827,161.72518492699356,0.0,201.76903632495083,143.98044262949705,58.35185950182333,229.60902575717077,12.861674715246664,275.0992105437474,42.03441343020676,0.0,86.08502910098568,0.0,109.48691867608699,428.46240748977414,119.25418681870354,737.6706281608447,0.0,901.9374953923509,125.89379442118673,0.0,262.70271591680046,0.0,335.3824554613452,713.9315135929231,141.6122949972589,1286.2507321885873,0.0,1590.295317067534,716.5616429393968,576.0345307468211,857.0887551319726,501.37950239451527,931.7437834842784,80.81761969310713,0.0,170.51512048745406,0.0,218.16691778445082
2029-10-01,396.361863422232,323.69450436443265,469.0292224800313,285.0899698649768,507.63375697948715,198.38554349831287,0.3091846746704334,396.46190232195534,0.0,501.68996794701536,86.69445116524022,10.404099848046627,162.98480248243382,0.0,203.5140516196929,144.83132945289614,58.164786208531126,231.49787269726116,12.123185109962208,277.5394737958301,41.74715206900616,0.0,86.33173409204613,0.0,110.0172932917861,428.54042892004895,115.58409296916443,741.4967648709335,0.0,907.7548183448409,126.59262822308105,0.0,265.0599002242528,0.0,338.62063847487525,709.5636853380423,130.30701079927917,1288.8203598768055,0.0,1596.5504682255234,711.2633661326436,569.0328328107912,853.4938994544959,493.4728619835572,929.0538702817299,80.59231386515692,0.0,171.37709679113271,0.0,219.6065127205573
2029-11-01,393.1850211032057,319.6576633643033,466.71237884210814,280.5962545655114,505.7737876409,198.65574160484053,0.0,399.0762809457707,0.0,505.5496924706398,87.09096054678994,9.897733407984404,164.2841876855955,0.0,205.29308960308592,145.83857691164422,58.14635840052516,233.53079542276328,11.559867316493154,280.11728650679527,41.703906055691185,0.0,86.8161346346883,0.0,110.78200606728049,429.23635197557195,112.57626182678752,745.8964421243563,0.0,914.1221150158981,127.46669299904764,0.0,267.57268798177483,0.0,342.0039978163486,706.3130389622343,120.20101722794027,1292.4250606965284,0.0,1603.7970722428718,705.9995098616157,562.0857163710252,849.9133033522062,485.63151357914904,926.3675061440824,80.57700398906091,0.0,172.43620044255283,0.0,221.2363985584704
2029-12-01,390.03272312706565,315.6553098909633,464.410136363168,276.1423091092838,503.9231371448475,199.17985738573748,0.0,401.9174741582207,0.0,509.6218330686024,87.52632792496472,9.440663887923805,165.61199196200562,0.0,207.0950009816836,146.9745211880409,58.26848612347321,235.6805562526086,11.143404995421633,282.8056373806602,41.87229614441444,0.0,87.50607070403407,0.0,111.74901343883198,430.43311160294206,110.11208954183894,750.7541336640452,0.0,920.9246766340061,128.43461947428986,0.0,270.16039075373453,0.0,345.45220674593946,704.5555322538266,111.66742388495709,1297.4436406226962,0.0,1612.4154481936582,700.7703110279709,555.19271898618,846.3479030697619,477.85462321397864,923.6859988419633,80.74139655166753,0.0,173.662584314448,0.0,223.02696531342514
2030-01-01,386.9048736492913,311.6870109880633,462.12273631051926,271.727521449286,502.0822258492966,199.8041668348955,0.0,404.83267685109604,0.0,513.7540727972025,87.97641126328278,9.00839533209691,166.94442719446866,0.0,208.89618565791113,148.19016562033505,58.48177066004844,237.89856058062168,10.824185837396186,285.55614540327394,42.17627510464135,0.0,88.32570190230257,0.0,112.84258488856008,431.889623446116,107.94903991959472,755.8302069726373,0.0,927.9236419711017,129.36357053513592,0.0,272.69081379128363,0.0,348.8334117711121,704.2716048873855,104.68398320980998,1303.8592265649609,0.0,1622.390150581173,695.5759452558823,548.3533564574242,842.7985340543404,470.14135615824335,921.0105343535213,81.0111874885327,0.0,174.98236550291423,0.0,224.9045538230544
2030-02-01,383.80136506814677,307.75234057109776,459.85038956519577,267.3512963070405,500.251433829253,200.34023064843427,0.0,407.63431783941087,0.0,517.7593016596172,88.40802925461274,8.567412071937952,168.24864643728753,0.0,210.66397431558352,149.42552356816452,58.72584553221316,240.1252016041159,10.541641575613994,288.30940556071505,42.512012409747385,0.0,89.17139310588603,0.0,113.95918910070968,433.28785779238245,105.76771163838401,760.808003946381,0.0,934.8030815906925,130.0935930581369,0.0,275.004610838223,0.0,351.98858903389373,705.0382893590443,98.82518896222314,1311.2513897558654,0.0,1633.3020993416767,690.4165347956041,541.5671276743338,839.2659419168743,462.4908801411591,918.3421894500491,81.28367752262575,0.0,176.29324261780584,0.0,226.76707407462027
2030-03-01,380.72207971334285,303.85087970591377,457.59327972077193,263.0130547019671,498.4311047247186,200.60500812229412,0.0,410.1401776027829,0.0,521.4557363892925,88.78456578281184,8.0807817072629,169.48834985836078,0.0,212.36223514849615,150.62245834192237,58.9422147487703,242.30270193507442,10.237085339908276,291.00783134393646,42.770862323872684,0.0,89.93468341739414,0.0,114.9904633733274,434.2988131042114,103.23780570833895,765.3598205000837,0.0,941.235980679141,130.47178627446863,0.0,276.9494551824422,0.0,354.7657167898031,706.1258070608451,93.35886105569284,1318.8927530659973,0.0,1644.4251931312347,685.2921554322918,534.8335187636465,835.7507921009371,454.9023680334286,915.681942831155,81.45070771410114,0.0,177.4874330942386,0.0,228.50694345243664
2030-04-01,377.6668913176263,299.98221680449234,455.3515658307603,258.7122334693899,496.62154916586275,200.459614654671,0.0,412.2121492654617,0.0,524.7056832774442,89.07333610589866,7.515519950025379,170.63115226177194,0.0,213.95874209457963,151.73677618252765,59.08634426354435,244.38720810151096,9.86580230658447,293.60775005847086,42.863538095159775,0.0,90.52646114165583,0.0,115.84738901010684,434.65100625824977,100.08661021586857,769.215402300631,0.0,946.9527376981459,130.38738362354695,0.0,278.41512394058145,0.0,357.05486098400604,706.672904277904,87.42147138474047,1325.9243371710675,0.0,1654.9016608955603,680.202842525263,528.1520066314041,832.2536784191219,447.3750000627916,913.0306849877344,81.42305414643226,0.0,178.47606947261684,0.0,230.0354838646524
2030-05-01,374.6356662990281,296.14594775041195,453.1253848476443,254.4482847714596,494.8230478265966,199.83708737447927,0.0,413.784007377949,0.0,527.4433086297923,89.25278667275515,6.849789226560105,171.65578411895018,0.0,215.43237651224132,152.74658809076482,59.13602242508463,246.357153756445,9.405409415192025,296.0877667663376,42.73936494082666,0.0,90.89621748052976,0.0,116.47954539224702,434.1846735029563,96.15319629937295,772.2161507065396,0.0,951.7953729709432,129.79854084970995,0.0,279.36028835896076,0.0,358.8149667232502,705.8948649719204,80.22614738729396,1331.5635825565469,0.0,1663.9500887733795,675.1485962869235,521.5220619777263,828.7751305961208,439.9079656259652,910.3892269478819,81.15010652387497,0.0,179.2088794412907,0.0,231.30260255366778
2030-06-01,371.6282648779571,292.34167596488567,450.9148537910286,250.22067560481645,493.0358541510978,198.75253923608898,0.0,414.8715648767022,0.0,529.6847972482781,89.31755257062753,6.077955021624277,172.55715011963076,0.0,216.77818631753874,153.65498976030716,59.0940386561485,248.21594086446584,8.858533382064195,298.4514461385501,42.39584535073776,0.0,91.04161248134443,0.0,116.88467626947923,432.8788220247325,91.41546518879005,774.342178860675,0.0,955.7445871797693,128.7437672038007,0.0,279.82394701794567,0.0,360.08529254421023,703.2702562986232,71.24940918379423,1335.2911034134522,0.0,1671.0521784432049,670.1293863970354,514.9431518538622,825.3156209402086,432.5004647528016,907.7583080412693,80.62996330202657,0.0,179.68428228022145,0.0,232.3068892373875
2030-07-01,368.64454205024055,288.56901242289564,448.72007167758545,246.0288873083686,491.2601967921125,197.29376331649826,0.0,415.5632799896357,0.0,531.5189607222399,89.2796767391448,5.211804087801781,173.3475493904878,0.0,218.0086067365138,154.4866286057004,58.98474934043385,249.98850787096694,8.249375980760988,300.7238812306398,41.87635642619952,0.0,91.0061729627969,0.0,117.10638799786425,430.8454730856902,85.98438722226092,775.7065589491194,0.0,958.9140108140662,127.33493133692775,0.0,279.91843354908656,0.0,360.97841909929593,698.6589096777936,60.34914301939375,1336.9686763361935,0.0,1676.0707398734685,665.1451560358973,508.41474182243803,821.8755702493567,425.1517092715378,905.1386028002569,79.90763404138366,0.0,179.94759241002083,0.0,233.09382029335933
2030-08-01,365.68434843451473,284.8275756277226,446.5411212413069,241.87241507411426,489.4962817949152,195.59543073052114,0.0,415.99445653055045,0.0,533.0814389868159,89.16601947363012,4.277953032434581,174.05408591482563,0.0,219.15087121171078,155.27932229593262,58.84569531513297,251.71294927673227,7.615330981583185,302.9433136102821,41.256907273013425,0.0,90.8660504435442,0.0,117.22090775288868,428.2939410955654,80.06827715889216,776.5196050322386,0.0,961.5144889985962,125.7335385057174,0.0,279.80569550360383,0.0,361.65652890873093,692.3224650291997,47.78513854200878,1336.8597915163907,0.0,1679.2702462127108,660.1958254094845,501.93629777415924,818.4553530448098,417.86092371789266,902.5307271010764,79.0621518731957,0.0,180.07813294828767,0.0,233.74287289443026
2030-09-01,362.7475310100229,281.11699155107647,444.3780704689693,237.75076746351118,487.7442945565346,193.80416022000753,0.0,416.3123156626315,0.0,534.5197732415255,89.01259978199374,3.3121888370791908,174.7130107269083,0.0,220.24135404139415,156.0731415798441,58.71668374500672,253.4295994146815,6.996065520249374,305.15021763943884,40.62568591778717,0.0,90.70956854791805,0.0,117.31663119517506,425.47553896573805,73.91749609746529,777.0335818340109,0.0,963.7987921077806,124.11624287042915,0.0,279.6628081704538,0.0,362.2969209860919,684.8448031514608,34.13951482270386,1335.5500914802178,0.0,1681.2372759048699,655.2812948304442,495.507287447547,815.0553022133413,410.6273460253829,899.9352436355055,78.18623509211187,0.0,180.16889829879625,0.0,234.34718812734735
2030-10-01,359.8339337588234,277.4368935450632,442.23097397258357,233.66346593150305,486.0044015861437,192.04385442844915,0.0,416.641334163543,0.0,535.9587452728116,88.85726883452111,2.352141540645462,175.36239612839677,0.0,221.3182450032682,156.89994901604027,58.629325981376795,255.17057205070375,6.423057494211832,307.3768405378687,40.060887132446375,0.0,90.61505127847127,0.0,117.471950981047,422.623726187557,67.76459640983273,777.4828559652813,0.0,966.0017686596973,122.63821166153545,0.0,279.64534013438004,0.0,363.05537713557874,676.9758638021501,20.160532614786916,1333.7911949895133,0.0,1682.7243396827998,650.4014474107817,489.12718169233585,811.6757131292275,403.4502280294116,897.3526667921517,77.36395507808606,0.0,180.30422298570664,0.0,234.99124031163007
2030-11-01,356.94339822462564,273.7869222313668,440.09987421788446,229.61004435994812,484.27675208930316,190.39028202268523,0.0,417.0578283724723,0.0,537.4749623707966,88.73231476434214,1.4298883368250586,176.0347411918592,0.0,222.41415523147765,157.77615593336296,58.5997937239363,256.9525181427896,5.912351300178386,309.63996056654753,39.61259108536738,0.0,90.63270207797238,0.0,117.7371360427938,419.9052714816246,61.775481506206404,778.0350614570427,0.0,968.2915123814837,121.4033257921557,0.0,279.8575551643685,0.0,364.03636451835655,669.4417688118427,6.5727121298156135,1332.3108254938697,0.0,1684.4600118561968,645.5561514150575,482.79545551196907,808.3168473181458,396.32883581345334,894.7834670166616,76.65220956340195,0.0,180.54125575720133,0.0,235.73231154765722
2030-12-01,354.0757639989097,270.16672537227043,437.9848026255489,225.59004860186835,482.561479395951,188.8611029283003,0.0,417.57998110216204,0.0,539.086885132026,88.6588731958681,0.5663634567624172,176.75138293497378,0.0,223.55052873387368,158.70050129281634,58.62659714907937,258.7744054365533,5.462335572719127,311.9386670129136,39.29321534844996,0.0,90.77505621386811,0.0,118.12478417362149,417.39443717433056,56.0235875626463,778.7652867860148,0.0,970.7435506422221,120.44822844226607,0.0,280.3364619699254,0.0,365.2770860314943,662.7718346115646,0.0,1331.6398285612495,0.0,1686.9759503470193,640.7452623167801,476.5115889160691,804.9789357174911,389.2624499219414,892.2280747116188,76.07060707605768,0.0,180.8998447973254,0.0,236.59037733674887
2031-01-01,351.23086914362585,266.5759577274756,435.8857805597761,221.60303603764584,480.85870224960587,187.42317764214238,0.0,418.17515249390124,0.0,540.7621391338982,88.64446755399803,0.0,177.52003722382818,0.0,224.73518361092545,159.6572391913046,58.69377173874375,260.62070664386545,5.05692965457078,314.2575487280384,39.07865218520369,0.0,91.0181184135617,0.0,118.6109598473769,415.0755517451687,50.49245363130393,779.6586498590334,0.0,973.3434207320241,119.74348290527746,0.0,281.0529731259362,0.0,366.7486398056611,657.1871747762192,0.0,1332.000778932234,0.0,1690.4955061401165,635.9686245953053,470.27506760975086,801.6621815808597,382.2503654611751,889.6868837294355,75.6019895716797,0.0,181.3630610648654,0.0,237.54863029562028
2031-02-01,348.40855055858117,263.0142809000985,433.8028202170638,217.64857514402962,479.1685259731327,186.01426542527412,0.0,418.78157963168013,0.0,542.4392153038333,88.6840995829223,0.0,178.33588983910866,0.0,225.96340341270766,160.62363436190657,58.7783731588502,262.46889556496296,4.673078144726503,316.57419057908663,38.91929345154606,0.0,91.31238808510676,0.0,119.14621960918586,412.87145966735096,45.104169235565394,780.6387500991366,0.0,976.0151231410227,119.21059623021145,0.0,281.92892970834873,0.0,368.3730443686091,652.5779943897384,0.0,1333.2852790413613,0.0,1694.9110240125356,631.2260733058665,464.0853835431431,798.36676306859,375.2918921066963,887.1602545050367,75.20291286315002,0.0,181.88767937436012,0.0,238.56396158344052
2031-03-01,345.6086443005882,259.4813631747158,431.7359254264606,213.7262450765961,477.4910435245803,184.57237259493053,0.0,419.3377261455358,0.0,544.0568202192949,88.76425773179994,0.0,179.18560536686692,0.0,227.22194629799625,161.57950643830395,58.86002094994474,264.2989919266632,4.290294284253918,318.86871859235396,38.757520659012386,0.0,91.60034967559467,0.0,119.673102590654,410.6883545107092,39.76420540098792,781.6125036204305,0.0,978.66595783497,118.74960827572924,0.0,282.86469126494075,0.0,370.0508291029593,648.5722765069582,0.0,1335.122649314038,0.0,1699.852534867799,626.5174354512554,457.9420353414152,795.0928355610956,368.3863540330626,884.6485168694483,74.82075299557115,0.0,182.42128537211704,0.0,239.58406819715702
2031-04-01,342.83098586054336,255.97687934988687,429.68509237119986,209.83563526610058,475.8263364549862,183.06407152961486,0.0,419.8106024284174,0.0,545.5821969684062,88.86858772105666,0.0,180.05299823153828,0.0,228.49471631523164,162.51603818964782,58.929706231866334,266.10237014742927,3.899467379294947,321.1326090000007,38.54659070990023,0.0,91.8353586790535,0.0,120.14501666266617,408.46326217914117,34.40889597817818,782.5176283801042,0.0,981.2340104243658,118.26939675758555,0.0,283.76944170987326,0.0,371.6913405907761,644.6739839630065,0.0,1337.018133519638,0.0,1704.8259629715985,621.8425311800868,451.84452863292006,791.8405337272535,361.53308977973774,882.1519725804358,74.4124123587471,0.0,182.92098220408593,0.0,240.56615993442222
2031-05-01,340.07541040381915,252.50051056720002,427.6503102404383,205.97634502899612,474.1744757786422,181.5035575681941,0.0,420.21482365652645,0.0,547.030183765953,88.98360636252626,0.0,180.92474694793793,0.0,229.76847788393786,163.44130028849065,58.99531598108818,267.8872845958931,3.5083868177806323,323.37421375920064,38.265598045078804,0.0,91.99660403663603,0.0,120.54120096965082,406.2000278936509,29.041422854288783,783.358632933013,0.0,983.7241418601741,117.7124469852985,0.0,284.5859598441783,0.0,373.2375135504583,640.4306972018344,0.0,1338.5205398790144,0.0,1709.3807688012662,617.2011748334488,445.79237629072446,788.6099733761732,354.73145206490216,879.6708976019954,73.95929498458266,0.0,183.36836632716125,0.0,241.49193547790617
2031-06-01,337.34175297866267,249.05194413855202,425.6315618187733,202.14798319224323,472.5355227650821,179.95688312353485,0.0,420.61684494180565,0.0,548.467449657762,89.10288288987195,0.0,181.79457585180268,0.0,231.03703773782834,164.3808694537284,59.08225071911903,269.67948818833776,3.1423595163578284,325.61937939109896,37.92638096795216,0.0,92.09601469441614,0.0,120.87363261160013,403.983112578624,23.745610697929806,784.2206144593182,0.0,986.2217873334369,117.0676370398541,0.0,285.3034052596837,0.0,374.67865712646824,635.5835144782046,0.0,1339.372144304522,0.0,1713.2598538997527,612.5931758589957,439.7850986007435,785.4012531172478,347.98080755729706,877.2055441606942,73.47436049948283,0.0,183.77658193772106,0.0,242.3746370767851
2031-07-01,334.62984869669714,245.6308733730863,423.628824020308,198.35016773241804,470.9095296609762,178.52995294884357,0.0,421.1229575620198,0.0,550.0004912627696,89.2285266600006,0.0,182.66474317239602,0.0,232.30273319460608,165.37326989340778,59.22886553363436,271.5176742531812,2.839650717504753,327.9068890693108,37.57051954137037,0.0,92.1752577172262,0.0,121.18402487314962,401.96482680663496,18.673159381285927,785.256494231984,0.0,988.8801925517006,116.36806537926962,0.0,285.9551466182889,0.0,376.0482835265179,630.1577446766036,0.0,1339.5993860373005,0.0,1716.4902580101711,608.0183396091466,433.82222336791733,782.2144558503758,341.2805366147644,874.7561426035287,72.99931872235953,0.0,184.18751601134707,0.0,243.2562458211217
2031-08-01,331.93953288909734,242.2369974049646,421.6420683732301,194.58252542901906,469.29654034917564,177.34334769648186,0.0,421.854113414733,0.0,551.750457702554,89.36963826265136,0.0,183.54449248687428,0.0,233.5748837934927,166.46138141379168,59.477877795871464,273.4448850317119,2.6428914988513554,330.27987132873204,37.25731521552666,0.0,92.29371811804448,0.0,121.53180716000708,400.32907731116313,14.00738907849643,786.6507655438298,0.0,991.884162417434,115.67513375906151,0.0,286.6028451982053,0.0,377.4081919002504,624.4696758947421,0.0,1339.5196388486008,0.0,1719.3899316678383,603.4764680379596,427.9032859703056,779.0496501056136,334.6300329968644,872.3229030790549,72.59276899215276,0.0,184.65993804062785,0.0,244.19562159763024
2031-09-01,329.270641241556,238.87002102293417,419.67126146017785,190.8446915317913,467.6965909513207,176.5006583800637,0.0,422.91426031186137,0.0,553.8214863381289,89.53825996412719,0.0,184.44600348464314,0.0,234.8657422299172,167.6820525106345,59.8659798876716,275.4981251335974,2.588691306722552,332.7754137145464,37.04610600044413,0.0,92.51081421785727,0.0,121.97644045835798,399.24125309986835,9.913125063669156,788.5693811360675,0.0,995.3999491552984,115.05385924715219,0.0,287.3117674907991,0.0,378.82378124523655,619.0478419279368,0.0,1339.662479958604,0.0,1722.489006412396,598.9673603094159,422.02782936961887,775.9068912492129,328.02870355785177,869.90601706098,72.31257691916947,0.0,185.25187716803845,0.0,245.2508804252501
2031-10-01,326.6230099107578,235.52965450246847,417.7163653190471,187.13630944181477,466.1097103797008,176.05880574796566,0.0,424.3606621282179,0.0,556.2710233302269,89.74405768217301,0.0,185.37907424074552,0.0,236.18517678748717,169.05664495588297,60.41438344907121,277.6989064626947,2.6981820235774876,335.41510788818846,36.977800104759055,0.0,92.86753145889315,0.0,122.55895124077689,398.79778579867445,6.486256830426328,791.1093147669226,0.0,999.5248145313043,114.54672523829232,0.0,288.12463675680954,0.0,380.3379022510218,614.4904479159022,0.0,1340.6271179497357,0.0,1726.38722390521,594.4908133282515,416.1954040855311,772.786222570972,321.4759679253359,867.5056587311672,72.1973531185606,0.0,186.0021012746409,0.0,246.46087373255853
2031-11-01,323.99647562473234,232.21561344110324,415.77733780836144,183.45703040605028,464.5359208434144,176.00832999178283,0.0,426.1841892323506,0.0,559.0901144539023,89.98928251707068,0.0,186.34608302518654,0.0,237.5356332951231,170.58499537676084,61.12278064131465,280.04721011220704,2.970979063108871,338.1990116904128,37.06070989680876,0.0,93.3722565283104,0.0,123.28776567629566,398.98916384212816,3.716751140915278,794.2615765433411,0.0,1004.2500457908604,114.15369164247663,0.0,289.04164371975287,0.0,381.95086826080586,611.297747163731,0.0,1342.9147717001886,0.0,1731.5863159851817,590.0466222030735,410.4055681400812,769.6876762660659,314.9712581691166,865.1219862370305,72.25214540178477,0.0,186.91580950263904,0.0,247.83088105621783
2031-12-01,321.39087576915483,228.92761859745593,413.85413294085373,179.8065132249909,462.97523831331875,176.26902536627048,0.0,428.30495378052126,0.0,562.199040750592,90.26548977206325,0.0,187.3387075829674,0.0,238.90885454501023,172.2443823070704,61.968310903236855,282.52045371090395,3.3841479699503054,341.1046166441905,37.264601963178016,0.0,93.99482756846086,0.0,124.13275992126736,399.68673526179305,1.4754537492380564,797.898016774348,0.0,1009.4477600778929,113.82421946719401,0.0,290.0124716193655,0.0,383.61248057520663,609.7247026999402,0.0,1346.781333913129,0.0,1738.3426692451353,585.6345806502698,404.6578869775852,766.6112743229544,308.5140184639715,862.755142836568,72.44232918788495,0.0,187.9585229755882,0.0,249.32650092530557
2032-01-01,318.8060484613969,225.66539573430288,411.946701188491,176.18442397303414,461.4276729497597,176.70228072105957,0.0,430.58465087800903,0.0,565.4596600238884,90.55302723140477,0.0,188.3374136546249,0.0,240.2853689419606,173.99378043635446,62.909814924954674,285.07774594775424,3.8964582470235314,344.0911026256854,37.52467720571417,0.0,94.67051441561767,0.0,125.02924043337892,400.65745453905976,0.0,801.786073818593,0.0,1014.8856528108449,113.46383078149597,0.0,290.9428566157918,0.0,385.22858909026144,609.6936291785855,0.0,1352.1500148599866,0.0,1746.5799697532311,581.2544813461597,398.95193336470527,763.557029327614,302.10370474955766,860.4052579427616,72.69749846514361,0.0,189.05997604861074,0.0,250.87754226482767
2032-02-01,316.24183261390175,222.4286754659913,410.0549897618122,172.59043573116386,459.8932294966396,177.13715175155448,0.0,432.85263141867836,0.0,568.7014799918379,90.82355984184107,0.0,189.31397988444235,0.0,241.6370155320743,175.78231839441332,63.896292174816466,287.66834461401015,4.456840745655626,347.107796043171,37.75455715829123,0.0,95.31300504924202,0.0,125.89093049130963,401.6034840059404,0.0,805.6283764152302,0.0,1020.2666005076653,112.95373858415655,0.0,291.71421806926014,0.0,386.6807227957214,610.7903681846363,0.0,1358.6075194073428,0.0,1755.8853809944058,576.9061162338892,393.28728727464477,760.5249451931336,295.7397843900462,858.0724480777321,72.92451550147894,0.0,190.12716628859883,0.0,252.39107451925628
2032-03-01,313.6980679882569,219.21719311038572,408.1789428661281,169.02422833151667,458.3719076449972,177.40368374095524,0.0,434.93922537795765,0.0,571.7549818726153,91.04506481866531,0.0,190.23649313870936,0.0,242.9319394337328,177.55979342918576,64.87741533621693,290.2421715221546,5.014901974327245,350.1046848840443,37.86498553914235,0.0,95.83310726832902,0.0,126.62867193695942,402.2171771780357,0.0,809.1177278873848,0.0,1025.2836454517264,112.17851941166671,0.0,292.21133153322864,0.0,387.85376297280845,612.3453434222017,0.0,1365.4851038163793,0.0,1765.590601525786,572.5892767907624,387.6635357588605,757.5150178226643,289.4217358356627,855.756817745862,73.0264794276263,0.0,191.06332330991694,0.0,253.77039662238386
2032-04-01,311.17459524115964,216.03068854547388,406.3185019368454,165.48548811339083,456.86370236892844,177.3652369182879,0.0,436.7080676870238,0.0,574.4839465329147,91.18806646603943,0.0,191.07558352484332,0.0,244.14082696233288,179.28661082389775,65.81346949890737,292.75975214888814,5.530863170006228,353.04235847778926,37.78348123597925,0.0,96.15840179270725,0.0,127.17007833846901,402.2381209848851,0.0,811.9941491880159,0.0,1029.6770391709292,111.05461216861171,0.0,292.35082794558565,0.0,388.66444257710305,613.5785519830208,0.0,1372.0035685208154,0.0,1774.9168585565187,568.3037542609811,382.0802728091733,754.527235712789,283.1490482879005,853.4584602340617,72.92285345089131,0.0,191.78803622472518,0.0,254.9351645733244
2032-05-01,308.6712559633214,212.8689060707078,404.47360585593503,161.97390769025685,455.368604236386,176.94197705199923,0.0,438.0795893103986,0.0,576.8089458226732,91.23155232224178,0.0,191.8103407230534,0.0,245.2428220609846,180.9407254745598,66.68229352472206,295.1991574243975,5.982501551370774,355.8989493977488,37.46997716526975,0.0,96.24888123125936,0.0,127.47517401631634,401.4985712976002,0.0,814.0903151922622,0.0,1033.2796791363014,109.55217760806272,0.0,292.10305344738754,0.0,389.0832062370289,613.7710799289141,0.0,1377.4447751247803,0.0,1783.1464256975844,564.0493398581459,376.5370992127268,751.561580503565,276.9212213698479,851.1774583464439,72.56573690663937,0.0,192.25352591630238,0.0,255.83766382768584
2032-06-01,306.18789271222096,209.7315942731031,402.6441911513388,158.4891857273217,453.88659969712023,176.1201351557462,0.0,439.04027740600264,0.0,578.7166029764514,91.1670971488623,0.0,192.4324381504984,0.0,246.22965055761756,182.5199994567908,67.48163741564314,297.55836149793845,6.367507581283434,358.67249133229814,36.92458255971006,0.0,96.10471247164347,0.0,127.54415648735808,399.9468141744604,0.0,815.3549166607645,0.0,1036.0404711066135,107.70458749349697,0.0,291.50155886233665,0.0,389.1436999020327,612.4193497162596,0.0,1381.3058951557437,0.0,1789.7768724204698,559.825824941318,371.03362240186107,748.618027480775,270.7377648027745,848.9138850798615,71.94832897667007,0.0,192.4531089656244,0.0,256.4712733347564
2032-07-01,303.72434903950057,206.61850589808304,400.83019218091806,155.031026729205,452.41767134979614,174.94543164583766,0.0,439.63609990932605,0.0,580.2530174243043,91.00018168275946,0.0,192.94745187760108,0.0,247.1069391686107,184.03961990824382,68.22658000951468,299.85265980697295,6.700902563314827,361.37833725317284,36.18570192611702,0.0,95.76435573423709,0.0,127.41551556980086,397.6438215775994,0.0,815.8493166305759,0.0,1038.0209858774697,105.603046341868,0.0,290.6377217381612,0.0,388.9373930424419,609.3335333453197,0.0,1383.3978244617742,0.0,1794.6194791173905,555.633001167969,365.56945630064547,745.6965460352926,264.5981980898798,846.6678042460583,71.103704515257,0.0,192.41997367298774,0.0,256.8692416630322
2032-08-01,301.2804695136988,203.52939772502228,399.03154130237533,151.59914083728788,450.9617981901097,173.50317706603408,0.0,439.9526066594356,0.0,581.5038661309302,90.7484160870003,0.0,193.37308423351584,0.0,247.89243918635225,185.5255135654267,68.94294334131862,302.1080837895348,7.008452909761218,364.0425742210922,35.319262531250004,0.0,95.29379214826596,0.0,127.15526100730568,394.7354629863813,0.0,815.7197626624366,0.0,1039.3676718653408,103.37770676395564,0.0,289.6418619674329,0.0,388.5946944192802,604.6568170673554,0.0,1383.8644490919487,0.0,1797.818503605014,551.4706606267256,360.14422116953267,742.7971000839185,258.50205020789895,844.4392710455522,70.09454513861151,0.0,192.21691133135954,0.0,257.09441837125695
2032-09-01,298.85609973892366,200.46403044741828,397.24816903042904,148.19324363630605,449.51895584154124,171.89091221615922,0.0,440.08756990511324,0.0,582.56704430237,90.43717061273529,0.0,193.73479461341037,0.0,248.61165736376898,187.0057054185648,69.65865113285402,304.35275970427557,7.318028543570193,366.69338229355935,34.4020723272361,0.0,94.7698817622059,0.0,126.8402805245336,391.40865276801213,0.0,815.1535348078687,0.0,1040.2680033915426,101.17009473878802,0.0,288.6556673259035,0.0,388.25737776280863,598.8032717316927,0.0,1383.1205167474636,0.0,1799.789053162092,547.3385959524497,354.7575434493525,739.919648455547,252.44885930708216,842.2283325978174,68.99676802516349,0.0,191.9199451996912,0.0,257.22288307365903
2032-10-01,296.4510863699938,197.42216855760017,395.4800041823874,144.8130559697661,448.0891167702215,170.19116789387044,0.0,440.1237444021588,0.0,583.525425672187,90.09376566168763,0.0,194.05998967789031,0.0,249.29204618649803,188.5020379542405,70.39544787981657,306.60862802866444,7.651321902778875,369.35275400570214,33.50375822292164,0.0,94.2623018951603,0.0,126.54027822103708,387.8435675349391,0.0,814.3311635283108,0.0,1040.9026988997894,99.1038095517049,0.0,287.802893659106,0.0,388.0492820911628,592.3332931067903,0.0,1381.7270781424236,0.0,1801.092526442604,543.2366004258803,349.4090556056601,737.0641452461005,246.43817241991815,840.0350284318424,67.88146976798839,0.0,191.6002745182971,0.0,257.3258895418986
2032-11-01,294.0652771245069,194.40358023586663,393.7269740131472,141.45830376377648,446.6722504852373,168.45159113923782,0.0,440.10899399305276,0.0,584.4269892591419,89.74170612421432,0.0,194.37225782012024,0.0,249.95723840857025,190.02448209792715,71.16320964771958,308.88575454813474,8.01815865854681,372.0308055373075,32.671961000607816,0.0,93.81874212901911,0.0,126.30296960348761,384.17452562677056,0.0,813.3873097064608,0.0,1041.406601248796,97.26076101620329,0.0,287.1656023384443,0.0,388.05254929088477,585.8013208325946,0.0,1380.2392069361204,0.0,1802.2843339286183,539.1644680597751,344.0983959742681,734.2305401452821,240.4695451788425,837.8593909407077,66.79988171445993,0.0,191.30923000208728,0.0,257.4548212798893
2032-12-01,291.69852079223716,191.40803724393322,391.9890043405411,138.12871785889678,445.26832372557755,166.67743581190024,0.0,440.0487825001676,0.0,585.2773104283096,89.39638408367307,0.0,194.6870719919209,0.0,250.62274994317755,191.56949501575122,71.95830173536905,311.1806882961334,8.414855305166043,374.7241347263364,31.924453489170467,0.0,93.45702255271877,0.0,126.1461998677288,380.46924201736095,0.0,812.3900200527228,0.0,1041.8479333840087,95.66860885889156,0.0,286.7715998670885,0.0,388.2950638401931,579.616768245608,0.0,1379.0669304823755,0.0,1803.774829170658,535.121993673258,338.8252086086472,731.4187787378687,234.54254154307273,835.7014458034432,65.77506896771654,0.0,191.0699729868919,0.0,257.6328907470788
2033-01-01,289.3506672422098,188.43531482256043,390.26601966185916,134.8240338496217,443.87730063479785,164.83789161301644,0.0,439.912503046049,0.0,586.0458903698475,89.06324589017683,0.0,195.00995689242762,0.0,251.29414711237334,193.12273295216863,72.76629138200839,313.4791745223289,8.826931797860766,377.4185341064765,31.249896607786916,0.0,93.16584987311947,0.0,126.05870004532738,376.7308017876748,0.0,811.3427010494249,0.0,1042.2302725322295,94.30203233605894,0.0,286.5957077050957,0.0,388.7517227448965,573.9543445247319,0.0,1378.385552847823,0.0,1805.7396322694653,531.1089729558512,333.58914312974036,728.628802781962,228.65673353461904,833.5612123770834,64.80218052650635,0.0,190.87774570604083,0.0,257.8553897076685
2033-02-01,287.0215674277605,185.48519159322797,388.557943262293,131.5439919311326,442.49914292438837,162.88389471534663,0.0,439.651288965303,0.0,586.6839671605924,88.73874422741486,0.0,195.33744114345058,0.0,251.96799888009457,194.66522337701622,73.56811979106804,315.7623269629644,9.235283511033089,380.0951632429993,30.61659159609698,0.0,92.91356970859735,0.0,126.00883933086317,372.92032346954414,0.0,810.206782739825,0.0,1042.5152142271616,93.09681060748328,0.0,286.57384284021623,0.0,389.35851621385564,568.7357116530505,0.0,1378.117312597811,0.0,1808.101288099715,527.125202522497,328.3898545786309,725.8605504663632,222.81170098345194,831.4387040615421,63.856705050893055,0.0,190.70812718522993,0.0,258.0979451940964
2033-03-01,284.7110733898427,182.55744946371442,386.86469731597094,128.2883367529588,441.13381002672656,160.77195548357946,0.0,439.22184179130943,0.0,587.148343892291,88.41365352090439,0.0,195.66037280032685,0.0,252.63519241752005,196.18116325778342,74.34790028588267,318.0144262296842,9.6239793320604,382.73834718350645,29.98646101247331,0.0,92.66214764727495,0.0,125.95860617201332,368.99263571147316,0.0,808.9373958147985,0.0,1042.65804961969,91.97240998134913,0.0,286.62560521903197,0.0,390.035115189051,563.6846694865253,0.0,1377.9865686441156,0.0,1810.5844525715854,523.1704799607019,323.22700327240545,723.1139566489983,217.00703128174803,829.3339286396557,62.90804086744845,0.0,190.53060336980695,0.0,258.3300896991849
2033-04-01,282.41903825881633,179.6518735374412,385.18620298019147,125.05681727921066,439.78125923842197,158.48697260454333,0.0,438.60924563841814,0.0,587.424203187664,88.07771688002765,0.0,195.96856639101094,0.0,253.28558019372082,197.6650856525743,75.10008479239897,320.2300865127496,9.987428085430821,385.3427432197178,29.33015717742518,0.0,92.38227774714397,0.0,125.8787167998071,364.9338649987327,0.0,807.5209597310642,0.0,1042.6453538076153,90.8567114281508,0.0,286.6790054370122,0.0,390.7095991292198,558.4381702516702,0.0,1377.630815479527,0.0,1812.8269082568258,519.2446038707974,318.1002546634754,720.3889530781194,211.2423191470856,827.2468885945092,61.93431796001932,0.0,190.32338923103165,0.0,258.530083343757
2033-05-01,280.14531625492066,176.76825202643883,383.52238048340246,121.84918665505785,438.44144585478347,156.05737032063848,0.0,437.84210467390625,0.0,587.5402447990797,87.72427478457485,0.0,196.25543169448736,0.0,253.91260880287837,199.12633021400944,75.83393423871321,322.4187261893057,10.3348488768371,387.9178115511818,28.638994478874764,0.0,92.06531489503055,0.0,125.76054761611333,360.789504581888,0.0,806.0032520165771,0.0,1042.5230553412557,89.70618847575567,0.0,286.6906428003202,0.0,391.338634160245,552.6807343848129,0.0,1376.7350997146546,0.0,1814.513981296133,515.3473739001867,313.0092792025473,717.685468597826,205.5171663944264,825.177581405947,60.9341644397177,0.0,190.08519534538942,0.0,258.6966805140275
2033-06-01,277.8897626876061,173.90637616779196,381.8731492074202,118.6652020791407,437.11432329607146,153.5580653031074,0.0,436.9955102171812,0.0,587.5716528277829,87.3535779510206,0.0,196.52128669406625,0.0,254.51663196380923,200.5895030129483,76.57397827993876,324.60502774595784,10.690730765527434,390.48827526036916,27.93036335177419,0.0,91.72868883706703,0.0,125.62154925112884,356.6743370965832,0.0,804.4993312472811,0.0,1042.4063593898393,88.51630767253002,0.0,286.6561059468796,0.0,391.9178737801278,546.26410644979,0.0,1375.1516766563427,0.0,1815.4981983285738,511.4785907723351,307.9537522053812,715.003429339289,199.83118171668696,823.1259998279833,59.93203434513854,0.0,189.84055579836135,0.0,258.85445782038596
2033-07-01,275.6522339538804,171.06604014342338,380.2384277643374,115.50462468161811,435.7998432261427,151.1001318458834,0.0,436.18070614777366,0.0,587.629761245653,86.973885473886,0.0,196.7744558012247,0.0,255.10600878762335,202.09070822118127,77.3562468872012,326.8251695551613,11.091064303524291,393.0903521388383,27.245130014274608,0.0,91.41330396306226,0.0,125.5026463733557,352.7607095862938,0.0,803.1818124082042,0.0,1042.4680232823441,87.31974205529052,0.0,286.60818646402544,0.0,392.4801725561658,539.2786215205731,0.0,1372.9713773165427,0.0,1815.8706538331514,507.638056311171,302.93335372342284,712.3427588989191,194.1839804736817,821.0921321486603,58.97553875273583,0.0,189.63715939294957,0.0,259.0511453580631
2033-08-01,273.43258753580193,168.24704100307775,378.6181340685261,112.36721940756806,434.49795566403577,148.8096699048492,0.0,435.5239571476941,0.0,587.8409222454554,86.6000805593157,0.0,197.029885667408,0.0,255.69571963108206,203.6704801593428,78.2212023066878,329.11975801199776,11.576273447464871,395.7646868712207,26.637747314224523,0.0,91.17365019871491,0.0,125.45834860610043,349.24769529809925,0.0,802.2500290101227,0.0,1042.907518794635,86.17338114606191,0.0,286.6038890272398,0.0,393.0825963391155,532.0563317420582,0.0,1370.526735567043,0.0,1815.964137599066,503.82557346147433,297.9477684183561,709.7033785045926,188.57518448919956,819.075962433749,58.12544349568427,0.0,189.53584746162528,0.0,259.34762456853144
2033-09-01,271.2306819972382,165.4491785903699,377.0121854041065,109.25275490547114,433.2086090890053,146.8013128090426,0.0,435.1400566053793,0.0,588.3200142471832,86.250226852747,0.0,197.30570158593451,0.0,256.30392253794037,205.36523211902534,79.20518779742925,331.52527644062144,12.182664251581343,398.54779998646933,26.161797116429494,0.0,91.0633454362568,0.0,125.54229298116505,346.3189860753669,0.0,801.8879257867708,0.0,1043.9089250084542,85.13816976041414,0.0,286.7042703432264,0.0,393.78626127784537,525.1046924841237,0.0,1368.3256748571832,0.0,1816.286821742871,500.0409463057643,292.9966854405909,707.0852071709377,183.00442185596756,817.0774707555611,57.441012420748876,0.0,189.59595721153786,0.0,259.8032716316445
2033-10-01,269.0463769799908,162.6722554717654,375.42049848821614,106.16100342052067,431.9317505394609,145.15326548691695,0.0,435.1073650249757,0.0,589.1454804045693,85.94105241218683,0.0,197.61869153576453,0.0,256.94743732016514,207.1994346864628,80.33260587490327,334.06626349802235,12.934603068762272,401.46426630416335,25.85492265084683,0.0,91.12006792384368,0.0,125.79217635012324,344.1005252001836,0.0,802.2216918264444,0.0,1045.5985615966456,84.2577024596676,0.0,286.9530337300595,0.0,394.6349284674551,518.9884358456271,0.0,1366.9333822530828,0.0,1817.4041350320435,496.2839800781282,288.0797983116715,704.488161844585,177.47132674824138,815.096633408015,56.96464782280349,0.0,189.85996224291827,0.0,260.46059802860424
2033-11-01,266.87953319937515,159.91607686836414,373.84298953038615,103.09174069251452,430.6673257062358,143.89037041729802,0.0,435.450876151191,0.0,590.3423948223217,85.68363581141185,0.0,197.97999235167742,0.0,257.6374317636935,209.18054181044283,81.61084430286068,336.75023931802497,13.839442501957677,404.52164111892796,25.72726970603979,0.0,91.35399749815119,0.0,126.21819663771036,342.62908840714806,0.0,803.2883418605435,0.0,1048.01357025766,83.54175386760629,0.0,287.36005955546,0.0,395.63853445213226,514.1911372251412,0.0,1366.833875516917,0.0,1819.8003302344227,492.5544811753788,283.1968048105664,701.9121575401912,171.9755392417598,813.1334231089977,56.709978863758124,0.0,190.34156104770835,0.0,261.3333390829319
2033-12-01,264.7300124393345,157.18045059036405,372.2795742883049,100.04474585809854,429.41527902057044,142.97958493229376,0.0,436.1376944375237,0.0,591.877940112177,85.48050666123534,0.0,198.3921903092124,0.0,258.3765222472002,211.29795685101817,83.02924206970266,339.5666716323337,14.886487342128788,407.7094263599075,25.756610290156665,0.0,91.74293928256532,0.0,126.7981765597824,341.8402284768242,0.0,805.023661118227,0.0,1051.0898597089722,82.95949724934479,0.0,287.89462393123125,0.0,396.76640998098344,510.99327876172373,0.0,1368.3080670311506,0.0,1823.7565482992838,488.8522571658824,278.34740686378774,699.3571074679771,166.51670514079996,811.1878091909648,56.65663500189426,0.0,191.02045051466735,0.0,262.40122750582805
2034-01-01,262.59767754715284,154.46518697408354,370.7301681202222,97.0198013571405,428.17555373716516,142.33900276687433,0.0,437.0860567530972,0.0,593.670429183278,85.32498306136713,0.0,198.84865863709564,0.0,259.15811128670134,213.52627277646164,84.56232951663054,342.49021603629274,16.050234659845273,411.002310893078,25.891538117974918,0.0,92.23551920962252,0.0,127.48075916456033,341.578990299371,0.0,807.272920638501,0.0,1054.6728211311638,82.44446447975105,0.0,288.49035879161147,0.0,397.95224014478725,509.39904358766825,0.0,1371.3605585111638,0.0,1829.2776133142709,485.1771167963526,273.5313104392668,696.8229231534384,161.09447581206496,809.2597577806403,56.75317227835857,0.0,191.84525228794018,0.0,263.6129197930304
2034-02-01,260.4823924278283,151.77009882142733,369.1946860342293,94.01669284302682,426.9480920126298,141.8580405742108,0.0,438.1855190476631,0.0,595.6094919866846,85.20296034044414,0.0,199.33534631491528,0.0,259.96817636385305,215.83191492748344,86.17647103637873,345.4873588185882,17.297016469229362,414.3668133857375,26.061987900895065,0.0,92.76170334469137,0.0,128.19592717420818,341.6309303633968,0.0,809.8218969955392,0.0,1058.5483480188648,81.9100725748626,0.0,289.06077852931463,0.0,399.1095910676172,509.13099382965885,0.0,1375.7143194440873,0.0,1836.0867111767523,481.52886999686973,268.74822544390565,694.3095145498338,155.70850802514343,807.3492319685961,56.9274769293019,0.0,192.74391644779274,0.0,264.89639994199104
2034-03-01,258.3840220381559,149.09500134168456,367.6730427346272,91.03520909668418,425.73283497962757,141.42356785814127,0.0,439.3230864265862,0.0,597.5822056660725,85.09670422459357,0.0,199.8345712965766,0.0,260.78906317856763,218.18145378053606,87.8381777741618,348.5247297869103,18.593312395775484,417.76959516529666,26.194412221716597,0.0,93.24797479282762,0.0,128.87017990873036,341.7657987669767,0.0,812.4405545348776,0.0,1062.486518536575,81.2716576733996,0.0,289.52131407667275,0.0,400.15394404091154,509.6937902113618,0.0,1380.874407108178,0.0,1843.6891098346116,477.9073278843525,263.99786562471195,691.8167901439931,150.35846379927784,805.4561919694272,57.1020265517416,0.0,193.638982741795,0.0,266.1742407177609
2034-04-01,256.3024323805661,146.43971209555247,366.1651526655797,88.075141944139,424.52972281699317,140.94532538220707,0.0,440.40863169566546,0.0,599.4985131746903,84.98966439757038,0.0,200.3298341227379,0.0,261.60429928923315,220.54946171543605,89.52196433588477,351.57695909498733,19.91360635299816,421.18531707787395,26.22775603008457,0.0,93.63330822478443,0.0,129.44250782821874,341.7831165962086,0.0,814.9286229665074,0.0,1066.2871732257288,80.46918423935247,0.0,289.81202220314526,0.0,401.02540487141016,510.49004628768256,0.0,1386.2438212041668,0.0,1851.4880141285491,474.3123027646824,259.27994847342137,689.3446570559433,145.04401025618898,803.5805952731757,57.21015564181526,0.0,194.46384618530936,0.0,267.37986928654055
2034-05-01,254.23749049675735,143.80405094128326,364.6709300522314,85.13628617743765,423.338694816077,140.3743064539774,0.0,441.39327677489456,0.0,601.3096047578817,84.8710530157509,0.0,200.81039648565698,0.0,262.40317270404455,222.92395720610307,91.21579292224865,354.6321214899575,21.245830646451026,424.6020837657551,26.126204659217443,0.0,93.88191792287449,0.0,129.8771405941923,341.54859696878725,0.0,817.1520186129549,0.0,1069.816336361419,79.48459535914915,0.0,289.9149359029697,0.0,401.70605431687443,510.95805997751415,0.0,1391.2612357665303,0.0,1858.9222979044448,470.7436081336515,254.5941951345037,686.8930211327993,139.76481947870644,801.7223967885966,57.209264981826664,0.0,195.1759665078613,0.0,268.47077669356713
2034-06-01,252.18906446115642,141.18783998285636,363.1902889394565,82.21843947875948,422.15968944355336,139.70974909329937,0.0,442.2763849901579,0.0,603.014910310364,84.7389962132403,0.0,201.27443278184484,0.0,263.183883458916,225.30815683358094,92.92282528775883,357.69348837940305,22.59311790404081,428.02319576312107,25.88557414242551,0.0,93.98964812527485,0.0,130.16993742866356,341.01294093236845,0.0,819.0616405026877,0.0,1073.0250121494198,78.34917446005392,0.0,289.86142619985685,0.0,402.2273099366272,510.69598413088613,0.0,1395.5251700916467,0.0,1865.5906751333005,467.2010586768878,249.94033031644537,684.4617870373302,134.52056837496036,799.8815489788152,57.08777149619884,0.0,195.76381806567167,0.0,269.43546780570415
2034-07-01,250.15702337423556,138.59090352008195,361.7231432283892,79.32140234756287,420.99264440090826,138.9934538473737,0.0,443.09987900609855,0.0,604.6564173716711,84.6014439087619,0.0,201.72993996432325,0.0,263.9544534938402,227.71825156321478,94.65919896636322,360.77730416006636,23.971577274285863,431.46492585214366,25.531909559120734,0.0,93.98257139855016,0.0,130.34698550074705,340.20925913044437,0.0,820.6907922220989,0.0,1075.9466066770406,77.13890724315657,0.0,289.7275641623235,0.0,402.6652881506309,509.54121780737773,0.0,1398.8733803606822,0.0,1871.331091717125,463.6844702688898,245.31808220620346,682.0508583315761,129.31093854790134,798.0580019898782,56.86427292652027,0.0,196.24605457069097,0.0,270.29262606915665
2034-08-01,248.14123735571374,136.0130680005478,360.2694067108797,76.44497803061591,419.83749668081157,138.29347188980336,0.0,443.93192903761724,0.0,606.3023593973934,84.47461030861851,0.0,202.19317808889716,0.0,264.73116722217014,230.1779694697695,96.44858994736921,363.9073489921698,25.40485707609409,434.95108186344487,25.11289676384055,0.0,93.90840039198783,0.0,130.45601169444106,339.2309455401382,0.0,822.1330558309716,0.0,1078.6748019229767,75.95895637605548,0.0,289.6185956749852,0.0,403.1252790525416,507.58614018859123,0.0,1401.3985938809146,0.0,1876.2364599049615,460.19365997128665,240.7271823867191,679.6601375558541,124.13561616991763,796.2517037726557,56.5794433000986,0.0,196.66340461069248,0.0,271.08300905694546
2034-09-01,246.14157753766227,133.4541619733226,358.82899310200196,73.58897245476717,418.6941826205574,137.68191717401675,0.0,444.84476511069846,0.0,608.0250280770606,84.37935654476215,0.0,202.68505299359109,0.0,265.53495423203145,232.7115052144899,98.31514210551055,367.10786832346923,26.91707420386524,438.50593622511457,24.684531254101927,0.0,93.82315672962703,0.0,130.55305151349972,338.19677810922923,0.0,823.5073926691971,0.0,1081.32865665418,74.92115866604274,0.0,289.6464386868224,0.0,403.7192436978616,505.1283604951995,0.0,1403.3987593168722,0.0,1880.6049086908856,456.7284460304248,236.16736575738278,677.2895263034668,118.99429186232925,794.4626001985202,56.28303598940845,0.0,197.0656747579464,0.0,271.8564516037321
2034-10-01,244.15791605753574,130.91401604433597,357.40181607073555,70.75319416232358,417.5626379527479,137.2130424495861,0.0,445.89275318135736,0.0,609.8788495076109,84.33644892967351,0.0,203.22637459305702,0.0,266.38664760172946,235.3367755075805,100.27672261852271,370.3968283966383,28.526069521210758,442.1474814939503,24.296644387729295,0.0,93.77669725068725,0.0,130.68797533413368,337.21305523153876,0.0,824.9202799943128,0.0,1084.0147431495366,74.1201927410326,0.0,289.9058509638527,0.0,404.5419818947259,502.57082416698705,0.0,1405.2771531705018,0.0,1884.8398904536189,453.28864787437095,231.6383704573439,674.9389252913979,113.88666057954833,792.6906351691936,56.01956443755118,0.0,197.4974303417177,0.0,272.6575466033061
2034-11-01,242.19012605114466,128.39246283335711,355.9877892689322,67.9374542489075,416.4427978533818,136.90744399648835,0.0,447.09659996801315,0.0,611.8845890778857,84.36189606891463,0.0,203.83319402891527,0.0,267.3023210701656,238.0608086398871,102.34031145589668,373.7813058238776,30.23879732690176,445.88281995287247,23.981070442690367,0.0,93.80088109148787,0.0,130.89265549866155,336.3429416613209,0.0,826.435057050908,0.0,1086.7964933516262,73.61430446834582,0.0,290.4551555765012,0.0,405.6518577277088,500.29985586802565,0.0,1407.4204230732657,0.0,1889.3282244010495,449.87408610940827,227.13993779155643,672.6082344272601,108.81242149769764,790.9357507211189,55.81645555933681,0.0,197.9861488943159,0.0,273.51379847852354
2034-12-01,240.23808164558403,125.88933693249851,354.58682635866955,65.14156630367182,415.33459698749624,136.74643344702682,0.0,448.43772486724583,0.0,614.0237234342372,84.46351924671967,0.0,204.5133740914868,0.0,268.2898594777693,240.8784466220433,104.50070347696845,377.25618976711814,32.05002743114744,449.70686581293916,23.745420193855644,0.0,93.90334328332887,0.0,131.17473992461154,335.5908602250439,0.0,828.0563169306628,0.0,1089.6785908055226,73.41518095227474,0.0,291.3061149627624,0.0,407.060673655834,498.5742495707481,0.0,1410.087678144629,0.0,1894.3291870745034,446.4845825160939,222.6718121594572,670.2973528727306,103.77127790749398,789.1978871246938,55.67768892983234,0.0,198.53585938265132,0.0,274.4292624357114
2035-01-01,238.30165795213156,123.40447486617505,353.19884103808806,62.36534635176065,414.2379695525025,136.67775646418505,0.0,449.8639787219352,0.0,616.244159296365,84.63956219389664,0.0,205.26519902227594,0.0,269.34756858735244,243.77460840667692,106.7427716138408,380.80644519951306,33.94460831764664,453.6046084957072,23.57384571441062,0.0,94.06825957411263,0.0,131.5184169370793,334.9054114832345,0.0,829.7328263760508,0.0,1092.6098905378592,73.48910185410793,0.0,292.42508231098986,0.0,408.73482192870836,497.45465793164857,0.0,1413.3398786303267,0.0,1899.9039021264996,443.11996004493597,218.233740986172,668.0061791036999,98.76293711120366,787.4769829786683,55.58437532549346,0.0,199.1277207905179,0.0,275.38512306881216
2035-02-01,236.38073105912562,120.93771505245148,351.82374706579975,59.60861279890585,413.15284931934536,136.6307310703999,0.0,451.3047822359796,0.0,618.4753719176938,84.87959648740556,0.0,206.07827994665135,0.0,270.46508053437566,246.72938654776496,109.04656349313356,384.4122096023964,35.902563745360624,457.5562093501693,23.434272773379412,0.0,94.26357884521278,0.0,131.89164769587424,334.19913905587725,0.0,831.3772912415307,0.0,1095.503184590159,73.76853999697747,0.0,293.7446022248247,0.0,410.60688528336846,496.79099151003834,0.0,1417.0272353724617,0.0,1905.902739924374,439.780042811745,213.8254746561528,665.7346109673372,93.78711032349446,785.7729752999956,55.5018220372266,0.0,199.7270874710473,0.0,276.34675973276455
2035-03-01,234.47517802483338,118.48889776571554,350.46145828395123,56.87118637805918,412.0791696716076,136.53635788620278,0.0,452.69123629524273,0.0,620.6485154500451,85.16737669398938,0.0,206.93641004917728,0.0,271.62620901912084,249.72448942539745,111.39374362473532,388.0552352260596,37.905534918133554,461.5434439326614,23.289855726015023,0.0,94.45247802039057,0.0,132.25762111427758,333.37888151440177,0.0,832.896708515575,0.0,1098.2655541099484,74.17072065079697,0.0,295.18197006566993,0.0,412.5941963173212,496.26953542257667,0.0,1420.8363267047298,0.0,1912.0124345733736,436.46465609270115,209.4467664491448,663.4825457362575,88.84351257600554,784.0857996093968,55.39089431063123,0.0,200.2948706246742,0.0,277.2751080415095
2035-04-01,232.58487687031663,116.05786510061563,349.11188864001764,54.15289009796197,411.0168636426713,136.34668331758496,0.0,453.97548523377105,0.0,622.7157862517449,85.48480504762497,0.0,207.82152928143492,0.0,272.8129140306464,252.74919643654255,113.77354855806757,391.72484431501755,39.942735622627765,465.55565725045733,23.11132979243765,0.0,94.60571436218171,0.0,132.58710616485826,332.3776761084135,0.0,834.2242701719854,0.0,1100.8302732682578,74.61797604287656,0.0,296.65958651842834,0.0,414.6191920835653,495.5053745874899,0.0,1424.382523927235,0.0,1917.848509513975,433.17362631918036,205.09737247839206,661.2498801599686,83.93186262547329,782.4153900128874,55.22037227009801,0.0,200.7998952593749,0.0,278.13901684742825
2035-05-01,230.70970657230305,113.6444609372067,347.7749522073994,51.45354919356177,409.9658639510443,136.047992426737,0.0,455.14390978010704,0.0,624.6636158740848,85.81590721950994,0.0,208.71770016111702,0.0,274.0092776613458,254.18461437918444,114.56704323315597,393.8021855252129,40.395208561828326,467.97402019654055,22.886772326359804,0.0,94.71138675763234,0.0,132.86821317424588,331.17891470522983,0.0,835.3435192288327,0.0,1103.1809653819967,75.0544679331813,0.0,298.121680219591,0.0,416.62613674674606,494.15378619164477,0.0,1427.3213839945722,0.0,1923.0666703273773,429.9067810723715,200.77705163098827,659.0365105137547,79.05188286525345,780.7616792794895,54.97680472643151,0.0,201.2287540329282,0.0,278.9251021020046
2035-06-01,228.84954705606953,111.24853090725026,346.4505632048888,48.77299107819002,408.92610303394906,135.664164713718,0.0,456.2204829114189,0.0,626.5160269539475,86.1497616408482,0.0,209.61403712272215,0.0,275.2044334724677,252.1431760764762,111.88661957307852,392.3997325798739,37.375323930648506,466.9110282223039,22.626064001981785,0.0,94.77939692150441,0.0,133.1108550350008,329.82572387232074,0.0,836.2977299453853,0.0,1105.3609831717008,75.45503378675411,0.0,299.5431539803146,0.0,418.58996783314365,492.0096147035946,0.0,1429.4480247407773,0.0,1927.4621800730306,426.663949077717,196.4855655102863,656.8423326451477,74.20329924008877,779.1245989153452,54.66911096236712,0.0,201.59040907164314,0.0,279.64234869219604
2035-07-01,227.00427918834148,108.86992236161534,345.1386360150676,46.11104529741709,407.8975130792659,135.24924910996634,0.0,457.259344916515,0.0,628.327208313744,86.48164713716676,0.0,210.50585417864096,0.0,276.39371416942413,250.11800490884715,109.22536098566269,391.0106488320316,34.376143901470954,465.8598659162234,22.358836960896888,0.0,94.83939755882528,0.0,133.34469537647476,328.4126960926096,0.0,837.1816391472221,0.0,1107.465140144985,75.82419357470499,0.0,300.92859163599815,0.0,420.51530310606006,489.06739916371885,0.0,1430.757252372723,0.0,1931.0299868900065,423.4449601992018,192.22267838027972,654.6672420181238,69.38584116397737,777.5040792344262,54.326661144679676,0.0,201.9142724143233,0.0,280.32019090132144
2035-08-01,225.17378477021472,106.50848433873362,343.8390852016958,43.46754348450929,406.88002605592015,134.8712600668744,0.0,458.3285995511094,0.0,630.1653111521091,86.8121850364922,0.0,211.39380705301943,0.0,277.57779374929953,248.10897248171995,106.58310000202204,389.63484496141785,31.39748024718253,464.82046471625733,22.126496845995483,0.0,94.93281441380327,0.0,133.61117062170115,327.06199184670953,0.0,838.1175484138416,0.0,1109.6158128401305,76.18610169129767,0.0,302.30221000999,0.0,422.4263925542953,485.5260266009062,0.0,1431.4482150818358,0.0,1933.9693777123293,420.24964543351456,187.98815711187567,652.5111337551534,64.599241441005,775.9000494260241,53.99136667446212,0.0,202.24229639311218,0.0,281.000602806145
2035-09-01,223.35794653010205,104.16406753406015,342.55182552614394,40.842319317412915,405.8735737427912,134.59157311853744,0.0,459.4897096645887,0.0,632.0918447046785,87.14481152654935,0.0,212.28136556361426,0.0,278.760159895805,246.11595140101616,103.95967102405154,388.2722317779808,28.439147073789115,463.7927557282432,21.97052231671701,0.0,95.10114579948913,0.0,133.9517895247118,325.89013772912574,0.0,839.2221222960086,0.0,1111.929739097165,76.56869738863,0.0,303.6920093930214,0.0,424.35126889535434,481.73687946057447,0.0,1431.872550659328,0.0,1936.632125983666,417.0778369041016,183.78177113098025,650.373902677223,59.84323618900953,774.3124376191937,53.70594599376318,0.0,202.6172394694724,0.0,281.7263641284429
2035-10-01,221.5566481167096,101.83652427049701,341.27677196292217,38.23520847719658,404.8780877562226,134.44547811358717,0.0,460.77805049331994,0.0,634.1422295700529,87.48237277137939,0.0,213.17140876208808,0.0,279.9437091321521,244.13881526562716,101.35491029000104,386.9227202412533,25.50096077169968,462.77666975955464,21.92024904763295,0.0,95.37374661019619,0.0,134.3959171903079,324.9744157817317,0.0,840.5727777463601,0.0,1114.4844075400688,76.98684151235092,0.0,305.11291032189666,0.0,426.3048843769678,478.10970434217506,0.0,1432.4402554134801,0.0,1939.428360670111,413.9293678551304,179.60329236832004,648.2554433419408,55.11756476595201,772.7411709443088,53.50156390924167,0.0,203.07030558601542,0.0,282.52869960180146
2035-11-01,219.7697740920447,99.52570846973681,340.0138397143526,35.646048607885746,403.8934995762037,134.42913218807522,0.0,462.18986269258596,0.0,636.3127507731073,87.82386829289999,0.0,214.06296833831408,0.0,281.12749023744027,242.1774386599209,98.7686558411441,385.5862214786977,22.582739968668932,461.7721373511729,21.983475786494285,0.0,95.75843439283976,0.0,134.95138115246078,324.3279056147269,0.0,842.1827263336628,0.0,1117.2930998405973,77.42943274290086,0.0,306.5538698620154,0.0,428.27622708154496,475.0016803484947,0.0,1433.5087526916336,0.0,1942.7156348739263,410.8040726453795,175.45249521092904,646.1556500798299,50.42196969887726,771.1861755918817,53.38820551742367,0.0,203.61151811882436,0.0,283.4176529383185
2035-12-01,217.99720992445862,97.23147562448719,338.76294422443004,33.07467927762738,402.9197405712898,134.4964458360148,0.0,463.67913846387376,0.0,638.5574439224238,88.16231840273578,0.0,214.94909607406262,0.0,282.30457171195496,240.23169714628705,96.20074748949435,384.26264680307975,19.684305484323232,460.7790888082509,22.142464929133467,0.0,96.23748993461203,0.0,135.60047196877252,323.88998561365645,0.0,843.9914755394926,0.0,1120.295392062593,77.85434055702127,0.0,307.972814608551,0.0,430.22325394842613,472.61946773784547,0.0,1435.2849416983331,0.0,1946.7009747398424,407.70178674206636,171.32915645522903,644.0744170289037,45.75619661534671,769.6473768687861,53.35040735230841,0.0,204.22545105106872,0.0,284.3778180160351
2036-01-01,216.2388419817254,94.95368277153716,337.5240011919136,30.520941941124647,401.9567420223261,134.5668060864341,0.0,465.16534478647804,0.0,640.7958184708764,88.48441660409239,0.0,215.81651626588572,0.0,283.4616942112134,238.30146725772215,93.65102678652266,382.95190772892164,16.805480286197962,459.79745422924634,22.3564652889429,0.0,96.77018004473908,0.0,136.3024660087558,323.53504932294675,0.0,845.8735452279567,0.0,1123.3658711774933,78.19280661249843,0.0,309.301042109328,0.0,432.0772922170188,470.9603276586825,0.0,1437.7663173894691,0.0,1951.3819994339492,404.62234671462744,167.23305526163944,642.0116381676155,41.11999417723956,768.1246992520153,53.34953698909035,0.0,204.87350860172833,0.0,285.37061852094223
2036-02-01,214.4945575241598,92.69218846563076,336.29692658268885,27.9846799032872,401.0044351450324,134.54170001941617,0.0,466.55004698599674,0.0,642.9294813119927,88.77213603152032,0.0,216.64723218508442,0.0,284.58087701666534,236.386626490457,91.11933699283307,381.65391598808094,13.946089447220373,458.8271635336936,22.57015385138047,0.0,97.30119932079366,0.0,137.0020672264194,323.0974426970691,0.0,847.6634049797372,0.0,1126.3390724424044,78.36235283340069,0.0,310.4561289867296,0.0,433.7559475681855,469.807820183986,0.0,1440.7366686600626,0.0,1956.5426194129784,401.5655902284587,163.16397311065168,639.9672073462657,36.5131140168167,766.6180664401006,53.33207775125052,0.0,205.50220995672703,0.0,286.34259269088636
2036-03-01,212.76424469777515,90.44685275411278,335.0816366414375,25.465738284042146,400.0627511115082,134.32600391579416,0.0,467.7381979344868,0.0,644.8634260069173,89.00592425849007,0.0,217.42172090471917,0.0,285.6426128730284,234.48705329662772,88.60552304875523,380.3685835445002,11.105960104572972,457.86814648868244,22.72583986597936,0.0,97.7728742520629,0.0,137.6416112696698,322.4064419326771,0.0,849.1904520039537,0.0,1129.0444573543193,78.2848996985842,0.0,311.36004926147734,0.0,435.1812224667643,468.78302390703584,0.0,1443.8172980876082,0.0,1961.804256246037,398.53135603862654,159.12169376030658,637.9410183169465,31.935310674949108,765.127401402304,53.241801740908926,0.0,206.05536232241255,0.0,287.2375663813363
2036-04-01,211.04779252748207,88.2175371523143,333.8780479026498,22.963963984256452,399.1316210707077,133.84854666859317,0.0,468.6587015104607,0.0,646.5265962702027,89.16868676217001,0.0,218.12291678308893,0.0,286.6298514817021,232.6026270769912,86.10943154581508,379.09582260816734,8.284921419877747,456.9203327341047,22.776307895496913,0.0,98.13800627962644,0.0,138.17390854619524,321.3225662091141,0.0,850.3153239553883,0.0,1131.3427265080963,77.90536374282364,0.0,311.9577718877058,0.0,436.29811371467446,467.4375995643595,0.0,1446.560085697014,0.0,1966.7189064549868,395.5194839835573,155.10600320501814,635.9329647620964,27.386341541419256,763.6526264256953,53.032716576447896,0.0,206.48700768543432,0.0,288.0095998370834
