Date,PCIe_Forecast,PCIe_CI_Lo_80,PCIe_CI_Hi_80,PCIe_CI_Lo_95,PCIe_CI_Hi_95,SATA_Forecast,SATA_CI_Lo_80,SATA_CI_Hi_80,SATA_CI_Lo_95,SATA_CI_Hi_95
2026-05-01,306.8304405379101,273.01194207608535,340.6489389997348,255.04586476824096,358.6150163075792,225.7417916280243,198.67250490534326,252.81107835070532,184.29194633391896,267.19163692212965
2026-06-01,316.92483090911156,269.0982517253054,364.75141009291775,243.69038153390835,390.1592802843148,233.51559544792914,195.23384304094768,271.79734785491064,174.89666207473877,292.1345288211195
2026-07-01,322.1908583171873,263.61550074561694,380.76621588875764,232.4973420357202,411.8843745986544,238.2284029540258,191.34302302569262,285.113782882359,166.43516493876564,310.02164096928595
2026-08-01,325.62276072672853,257.98576380307907,393.259757650378,222.05360918739032,429.19191226606677,240.31321299880128,186.17463955343922,294.45178644416336,157.41352241059062,323.21290358701197
2026-09-01,326.2619760148963,250.64151455728413,401.8824374725084,210.46814440792767,442.0558076218649,241.12114062466878,180.5923754103215,301.64990583901607,148.4364688901995,333.80581235913803
2026-10-01,325.70400127561766,242.86593617704932,408.542066374186,198.8582140934349,452.54978845780045,240.93151360776125,174.6255734360972,307.2374537794253,139.40054271990067,342.4624844956218
2026-11-01,323.6263248735342,234.15098822992562,413.1016615171428,186.61721563800856,460.6354341090598,240.0565066594787,168.43790582336206,311.6751074955954,130.3905241291751,349.7224891897823
2026-12-01,320.8559905676549,225.2028322000425,416.50914893526726,174.38709181724846,467.3248893180613,238.9513194375362,162.38781462357326,315.51482425149914,121.71345269115545,356.18918618391695
2027-01-01,317.24208393129175,215.78658854581758,418.6975793167659,161.88835662228442,472.5958112402991,237.603343394398,156.39548322635488,318.8112035624411,113.253807512082,361.952879276714
2027-02-01,313.16208108996403,206.218598903697,420.10556327623107,149.40487399224267,476.9192881876854,236.01048578794067,150.4098851081139,321.61108646776745,104.93456599695597,367.08640557892534
2027-03-01,308.517834250152,196.3545638790682,420.6811046212358,136.76782649442993,480.2678420058741,234.1052672833851,144.32659988170292,323.8839346850673,96.63168282455928,371.57885174221093
2027-04-01,303.4980730042843,186.34735786114362,420.648788147425,124.11104044135016,482.8851055672185,231.77067128982722,137.9999114331609,325.54143114649355,88.1841952593069,375.3571473203475
2027-05-01,298.1078024730136,176.1734722097045,420.0421327363226,111.39585925732155,484.8197456887056,229.0021690024471,131.40246773358407,326.6018702713101,79.55262643450061,378.45171157039357
2027-06-01,292.5453450805819,166.00811050129226,419.08257965987156,98.78520463104465,486.3054855301192,225.87773759504796,124.59374097442671,327.1617342156692,70.78661776972166,380.96885742037426
2027-07-01,286.960413402785,155.9819320663967,417.9388947391733,86.39961385644042,487.52121294912956,222.58013935954818,117.741242688891,327.41903603020535,62.04557883260438,383.11469988649196
2027-08-01,281.6126772092515,146.33868336195263,416.88667105655037,74.47437413057509,488.7509802879279,219.38288350596144,111.10573661523732,327.66003039668556,53.583502329540124,385.18226468238277
2027-09-01,276.72058142344395,137.28334016555223,416.1578226813357,63.207305747297255,490.23385709959064,216.57564663328935,104.96611826554575,328.185175001033,45.67355632018197,387.4777369463967
2027-10-01,272.5073877392218,129.02765018780332,415.98712529064034,52.80403961361225,492.2107358648314,214.40810223503252,99.56284501408813,329.2533594559769,38.551302115461425,390.2649023546036
2027-11-01,269.1055299655678,121.69411274818813,416.51694718294755,43.38179735145519,494.82926257968046,213.0295625698673,95.03727727197335,331.02184786776127,32.35387570746721,393.70524943226735
2027-12-01,266.5729481635953,115.332025248371,417.8138710788196,34.98528494965808,498.1606113775325,212.44875996400836,91.39122953531378,333.5062903927029,27.079416495069808,397.81810343294694
2028-01-01,264.8574536237339,109.88162453267444,419.8332827147933,27.550715328049137,502.1641919194186,212.53288476574184,88.48582935059292,336.57994018089073,22.58583116129506,402.4799383701886
2028-02-01,263.8304211268702,105.20760296796311,422.4532392857773,20.939230821043736,506.72161143269665,213.0360211966824,86.06981214544018,340.0022302479247,18.619013586967753,407.45302880639707
2028-03-01,263.3031982505362,101.11537725621449,425.49101924485785,14.953097352981075,511.65329914809126,213.65531298610972,83.83557440788559,343.47505156433385,14.868838288204017,412.4417876840154
2028-04-01,263.0770977536018,97.4009675564651,428.75322795073845,9.385523389236255,516.7686721179673,214.10001270014843,81.48813235682033,346.7118930434765,11.038070924427274,417.1619544758696
2028-05-01,262.976426813034,93.88393450391038,432.0689191221576,4.053547964688505,521.8993056613795,214.15411622029302,78.80768260688785,349.5005498336982,6.904889749766397,421.4033426908196
2028-06-01,262.88359541218836,90.44241183493651,435.32477898944023,0.0,526.9341577648552,213.71890775707476,75.69208653908609,351.74572897506346,2.3653377670296436,425.0724777471199
2028-07-01,262.74960073894016,87.02352802422911,438.4756734536512,0.0,531.8301495833414,212.82469078774878,72.16855100274927,353.4808305727483,0.0,428.2044048335292
2028-08-01,262.59147688626416,83.64080359904699,441.54215017348133,0.0,536.6096953573154,211.60987754451304,68.37267587227973,354.84707921674635,0.0,430.9418426051203
2028-09-01,262.46949655895304,80.35130881220218,444.5876843057039,0.0,541.3379715461652,210.2745656686419,64.50199545542674,356.0471358818571,0.0,433.48881380762765
2028-10-01,262.4575696368337,77.22602495188207,447.68911432178527,0.0,546.0933724356659,209.02148709100638,60.756897555131474,357.28607662688125,0.0,436.0516398178148
2028-11-01,262.61092154647173,74.31749100630216,450.9043520866413,0.0,550.9352370611064,208.0004734303941,57.28506348862277,358.7158833721654,0.0,438.78344490373144
2028-12-01,262.9430540776693,71.63673734244455,454.24937081289397,0.0,555.8808515784822,207.2710603939621,54.14405076603623,360.398070021888,0.0,441.7467938867236
2029-01-01,263.4158447113031,69.14336168550105,457.68832773710517,0.0,560.8955843445625,206.79243983199754,51.291226456456286,362.2936532075388,0.0,444.9036728132951
2029-02-01,263.94653587411784,66.75249818731808,461.1405735609176,0.0,565.8999060820299,206.44246057759077,48.602751869863056,364.28216928531845,0.0,448.13451453629875
2029-03-01,264.42806761106897,64.3551325662823,464.50100265585564,0.0,570.7897493983985,206.059427434744,45.91536751176389,366.20348735772416,0.0,451.28001919180736
2029-04-01,264.75737635755496,61.84638558660663,467.6683671285033,0.0,575.4648309755696,205.4944051986336,43.07868486254739,367.9101255347198,0.0,454.19347696326554
2029-05-01,264.86291707772955,59.15302180319418,470.5728123522649,0.0,579.8561942168618,204.6591487137973,40.00310571517403,369.3151917124205,0.0,456.7887145554392
2029-06-01,264.7238664305389,56.25264095308182,473.195091907996,0.0,583.945430442895,203.55621198666785,36.6899218629907,370.422502110345,0.0,459.0702187385484
2029-07-01,264.37521392985616,53.178758726921444,475.5716691327909,0.0,587.76978595935,202.28285365245443,33.23521225123906,371.3304950536698,0.0,461.13705454806546
2029-08-01,263.89729854429675,50.01033417176271,477.7842629168308,0.0,591.4117127397394,201.00760448660733,29.806403126953825,372.2088058462608,0.0,463.1594440685767
2029-09-01,263.39232190826743,46.84827473377209,479.9363690827628,0.0,594.9753941442134,199.92581910470972,26.597813200691604,373.25382500872786,0.0,465.3343281452374
2029-10-01,262.95414377537986,43.78522443478877,482.1230631159709,0.0,598.55655151566,199.20621387385026,23.777185733299774,374.6352420144008,0.0,467.8319132140682
2029-11-01,262.639363338248,40.87663869063064,484.40208798586536,0.0,602.2135354549121,198.94279156475673,21.43760798407149,376.447975145442,0.0,470.7476039226809
2029-12-01,262.4474874530314,38.120946710863734,486.77402819519904,0.0,605.9475029644756,199.12507865245902,19.567743849094654,378.6824134558234,0.0,474.0722475701107
2030-01-01,262.31553327598317,35.45414890314669,489.17691764881965,0.0,609.697028096889,199.63469875034838,18.048403107306513,381.22099439339024,0.0,477.6887139537562
2030-02-01,262.1286816437841,32.76046554187451,491.4968977456937,0.0,613.348762549833,200.26932159892095,16.676486637866674,383.86215655997523,0.0,481.3958501330353
2030-03-01,261.74438368676675,29.89643912830249,493.592328245231,0.0,616.7615487919152,200.78784419829583,15.210164148372712,386.36552424821895,0.0,484.9536667747406
2030-04-01,261.0238900268255,26.72245974054411,495.3253203131069,0.0,619.7979551526938,200.9651830487497,13.423663335417018,388.5067027620824,0.0,488.13813510979037
2030-05-01,259.8633109182071,23.133821685434043,496.59280015098017,0.0,622.3553413058908,200.6427057169268,11.157698658159575,390.127712775694,0.0,490.7916227756641
2030-06-01,258.2165622407074,19.083666321676503,497.3494581597383,0.0,624.3888091167235,199.76167706281583,8.352915027908494,391.17043909772315,0.0,492.8563439287677
2030-07-01,256.10475609467994,14.592369768772215,497.6171424205877,0.0,625.9205976562262,198.37172217459906,5.058348432867206,391.6850959163309,0.0,494.3828257166259
2030-08-01,253.61017585236274,9.741515325744587,497.4788363789809,0.0,627.0340622837468,196.61293589766507,1.4135333599390378,391.8123384353911,0.0,495.512021033558
2030-09-01,250.85694255068358,4.654557458135429,497.05932764323177,0.0,627.854344723648,194.67711294341476,0.0,391.7444949089748,0.0,496.43654157817855
2030-10-01,247.9837995736749,0.0,496.4979948693799,0.0,628.5211611202233,192.75882367898785,0.0,391.67664419398,0.0,497.35173634256955
2030-11-01,245.1162457878938,0.0,495.9209429163253,0.0,629.1609382658046,191.00936568560024,0.0,391.760568925106,0.0,498.40964564609345
2030-12-01,242.34510297278544,0.0,495.4195721313647,0.0,629.86538387186,189.5054333979578,0.0,392.0734266392003,0.0,499.6876730486104
2031-01-01,239.7165917225486,0.0,495.04065595878376,0.0,630.6815650842836,188.24005768757584,0.0,392.6086907246904,0.0,501.17952702565753
2031-02-01,237.23569476926605,0.0,494.7897058355307,0.0,631.6152742144839,187.13718010397963,0.0,393.2907259214928,0.0,502.8097971370467
2031-03-01,234.8809138233907,0.0,494.64572948273667,0.0,632.6457878017643,186.08482903288018,0.0,394.00796564063774,0.0,504.4671319635089
2031-04-01,232.62546825022102,0.0,494.58243092299756,0.0,633.7470673429101,184.97696706375848,0.0,394.6547604050728,0.0,506.0460881176461
2031-05-01,230.45834668831344,0.0,494.58926333942964,0.0,634.9088128103351,183.75195849727004,0.0,395.16984635011386,0.0,507.48559927193713
2031-06-01,228.3988189504854,0.0,494.6859421261496,0.0,636.1509763132212,182.4167773700397,0.0,395.56055416831356,0.0,508.7931855923965
2031-07-01,226.49995854671783,0.0,494.9259684775436,0.0,637.5272862532947,181.0501667028375,0.0,395.9059692111874,0.0,510.04811429374837
2031-08-01,224.83986433370674,0.0,495.38785202830445,0.0,639.1164704910595,179.78382368060787,0.0,396.3381174620561,0.0,511.3825860334505
2031-09-01,223.50273968083275,0.0,496.1561909405017,0.0,641.0033369222008,178.7667239180697,0.0,397.00629053891987,0.0,512.9460603062465
2031-10-01,222.55485062328358,0.0,497.2976309142698,0.0,643.2547329438562,178.12229111941446,0.0,398.03421604057746,0.0,514.8624261549453
2031-11-01,222.02187759711322,0.0,498.83821772217436,0.0,645.8968984136131,177.91005761536601,0.0,399.4817187234733,0.0,517.1916636871553
2031-12-01,221.87391196514176,0.0,500.7483944809252,0.0,648.9004633174352,178.10226370336937,0.0,401.32132043885656,0.0,519.9064443295841
2032-01-01,222.02241528594362,0.0,502.93996161699505,0.0,652.1774081053661,178.58186915873614,0.0,403.4362522015298,0.0,522.890143193014
2032-02-01,222.3303859597426,0.0,505.27624416387124,0.0,655.5912313348146,179.16279156606657,0.0,405.64069304263467,0.0,525.9570782020614
2032-03-01,222.63358962020152,0.0,507.59332276347095,0.0,658.9781809958329,179.6273668268541,0.0,407.71723100521865,0.0,528.8899713499749
2032-04-01,222.76790336945524,0.0,509.72737847229223,0.0,662.1745996206744,179.77158995601133,0.0,409.46210439790013,0.0,531.4851901951536
2032-05-01,222.59632932533336,0.0,511.541706844179,0.0,665.0439386510656,179.4467909518329,0.0,410.7268780934937,0.0,533.594424387501
2032-06-01,222.02942180629057,0.0,512.9471456178876,0.0,667.4971863927984,178.5874931425365,0.0,411.446302277877,0.0,535.1525446310267
2032-07-01,221.03466636035625,0.0,513.9114542182081,0.0,669.5022477676916,177.21895135626713,0.0,411.645850997933,0.0,536.185141432568
2032-08-01,219.63324760419104,0.0,514.4560820389504,0.0,671.0807128324163,175.44323886047124,0.0,411.4278094562591,0.0,536.7946125852714
2032-09-01,217.88586451893335,0.0,514.6419841565205,0.0,672.2936727139887,173.40829934953845,0.0,410.9403263331709,0.0,537.1292156682257
2032-10-01,215.8719448412001,0.0,514.5488361143123,0.0,673.220934603153,171.26863779191572,0.0,410.33810494869806,0.0,537.3437593757387
2032-11-01,213.66808001425278,0.0,514.2534692446391,0.0,673.9394572732817,169.148195464404,0.0,409.74527859365253,0.0,537.5624790060658
2032-12-01,211.3313924854053,0.0,513.8132383158539,0.0,674.5067189132798,167.1149970845949,0.0,409.23005794198406,0.0,537.853684022472
2033-01-01,208.89192768844876,0.0,513.2584138448713,0.0,674.9531096154707,165.1736874416084,0.0,408.79726794573764,0.0,538.2222950885564
2033-02-01,206.35550286915185,0.0,512.5950312344826,0.0,675.2847806785644,163.2770680017119,0.0,408.39988469025826,0.0,538.6213810560484
2033-03-01,203.7154799770978,0.0,511.8166639599456,0.0,675.4954179508334,161.3525664702668,0.0,407.965505192065,0.0,538.9786288880202
2033-04-01,200.96946222043618,0.0,510.92112040255506,0.0,675.5829388118057,159.33560902718463,0.0,407.4297198574825,0.0,539.2297162360782
2033-05-01,198.13559692884405,0.0,509.9267469765282,0.0,675.5657954393604,157.2001510717045,0.0,406.76664343867037,0.0,539.3488425086209
2033-06-01,195.26333441588721,0.0,508.883187241358,0.0,675.4937340548893,154.97757421848655,0.0,406.00781222981766,0.0,539.3676261733373
2033-07-01,192.43507371215645,0.0,507.8730278718967,0.0,675.4494410192586,152.75847282498586,0.0,405.2439707841761,0.0,539.3768915749959
2033-08-01,189.75767394190487,0.0,507.003310259719,0.0,675.5400545535578,150.67660481935525,0.0,404.6090229218397,0.0,539.5106200387845
2033-09-01,187.34562546904522,0.0,506.3887018723849,0.0,675.880336211659,148.87917362262996,0.0,404.25031382263313,0.0,539.9162320538849
2033-10-01,185.29999721524777,0.0,506.1304437740488,0.0,676.5716185084119,147.49132851907024,0.0,404.2931305585505,0.0,540.7190878920244
2033-11-01,183.6884876664624,0.0,506.29640182439516,0.0,677.6818562207969,146.58434089408652,0.0,404.8088784856932,0.0,541.9906640812343
2033-12-01,182.53169380191642,0.0,506.90733579055984,0.0,679.2318955970267,146.15594233266495,0.0,405.7954194891132,0.0,543.7288917284764
2034-01-01,181.7991447711868,0.0,507.9329331982018,0.0,681.1915083000536,146.12808908881132,0.0,407.1748365915307,0.0,545.8559212023504
2034-02-01,181.41615477729897,0.0,509.2986623802046,0.0,683.4862445442482,146.36283117202603,0.0,408.8093031723623,0.0,548.233991422541
2034-03-01,181.27980078840818,0.0,510.901750346052,0.0,686.0134110485503,146.6922474453809,0.0,410.5310181920207,0.0,550.6953651511731
2034-04-01,181.28005204911577,0.0,512.6323124433891,0.0,688.6632007778468,146.95481032286685,0.0,412.178571009523,0.0,553.0786938743091
2034-05-01,181.32086111671128,0.0,514.3944435374832,0.0,691.3397841985184,147.02899801776735,0.0,413.63055374550015,0.0,555.2626302258582
2034-06-01,181.33617170497794,0.0,516.1222259916211,0.0,693.9773173314003,146.85585319799122,0.0,414.82812004686144,0.0,557.1883868103238
2034-07-01,181.29724367182482,0.0,517.7870547850763,0.0,696.5472669389911,146.44522019161434,0.0,415.7812223966609,0.0,558.8659735680918
2034-08-01,181.21003516559247,0.0,519.3950197838396,0.0,699.0557928622834,145.86473978993476,0.0,416.5576070167451,0.0,560.363192730988
2034-09-01,181.10398312395935,0.0,520.9756863583659,0.0,701.5325287016444,145.2151701417607,0.0,417.25813485716424,0.0,561.7809598622223
2034-10-01,181.01569644788884,0.0,522.5657886710778,0.0,704.0142751646472,144.59904725233116,0.0,417.98544218598727,0.0,563.2219644944921
2034-11-01,180.97225897298236,0.0,524.1925327562794,0.0,706.528303203656,144.091211361782,0.0,418.81446705466226,0.0,564.761196641505
2034-12-01,180.9787434233321,0.0,525.8611105778358,0.0,709.0798681286658,143.71894730692816,0.0,419.7725897429055,0.0,566.4260872870184
2035-01-01,181.01321955139184,0.0,527.5497082683901,0.0,711.6472178992954,143.45667376825463,0.0,420.834322085211,0.0,568.191197753594
2035-02-01,181.0303797344046,0.0,529.2131318208898,0.0,714.1852188668349,143.23605923687546,0.0,421.93142351392953,0.0,569.9883357861145
2035-03-01,180.97249969811025,0.0,530.7937679033628,0.0,716.6363166374031,142.9682479691685,0.0,422.9751270867976,0.0,571.728781618038
2035-04-01,180.78445054466556,0.0,532.2365959740877,0.0,718.9455482334681,142.5716688332534,0.0,423.8839484032524,0.0,573.3310969248143
2035-05-01,180.42841016391543,0.0,533.5038997764855,0.0,721.0752536331634,141.99751225755395,0.0,424.6091626199267,0.0,574.7466018749371
2035-06-01,179.89405741635414,0.0,534.5854616022584,0.0,723.01527007602,141.24573272815056,0.0,425.1508070121773,0.0,575.9753777255664
2035-07-01,179.2013145823121,0.0,535.5013048174802,0.0,724.7856746299133,140.36712165650047,0.0,425.55975390336164,0.0,577.0683397845067
2035-08-01,178.39477000890636,0.0,536.2961165833407,0.0,726.4312069510089,139.45084646826953,0.0,425.9252498127362,0.0,578.114776589484
2035-09-01,177.5311971466419,0.0,537.0267669635812,0.0,728.00878842883,138.6008170825791,0.0,426.3512819914005,0.0,579.2187164742119
2035-10-01,176.66347209003874,0.0,537.7462265331418,0.0,729.5714398310402,137.90725774902464,0.0,426.9281503137622,0.0,580.470499488779
2035-11-01,175.82517850774178,0.0,538.4881713736127,0.0,731.1528863336066,137.42113737328478,0.0,427.7068976554458,0.0,581.9212078053439
2035-12-01,175.02002256164005,0.0,539.2563980551417,0.0,732.7569725360645,137.13832817712526,0.0,428.68346860355564,0.0,583.5668244550967
2036-01-01,174.21891778470044,0.0,540.0219085746277,0.0,734.3547474317766,136.9977567595187,0.0,429.79686056610774,0.0,585.3463844633582
2036-02-01,173.36558832179355,0.0,540.7285136545876,0.0,735.8900677376345,136.8941003156539,0.0,430.9418200374985,0.0,587.1546711397283
2036-03-01,172.3893196929924,0.0,541.305583562289,0.0,737.2923487428527,136.701763522914,0.0,431.99281952917227,0.0,588.866193032497
2036-04-01,171.22164768251776,0.0,541.684737052421,0.0,738.4932532801821,136.30396052067977,0.0,432.8331395924296,0.0,590.3642659742967
