Date,RTX 3000 Series_Forecast,RTX 3000 Series_CI_Lo_80,RTX 3000 Series_CI_Hi_80,RTX 3000 Series_CI_Lo_95,RTX 3000 Series_CI_Hi_95,RTX 4000 Series_Forecast,RTX 4000 Series_CI_Lo_80,RTX 4000 Series_CI_Hi_80,RTX 4000 Series_CI_Lo_95,RTX 4000 Series_CI_Hi_95,RTX 5000 Series_Forecast,RTX 5000 Series_CI_Lo_80,RTX 5000 Series_CI_Hi_80,RTX 5000 Series_CI_Lo_95,RTX 5000 Series_CI_Hi_95,RX 6000 Series_Forecast,RX 6000 Series_CI_Lo_80,RX 6000 Series_CI_Hi_80,RX 6000 Series_CI_Lo_95,RX 6000 Series_CI_Hi_95,RX 7000 Series_Forecast,RX 7000 Series_CI_Lo_80,RX 7000 Series_CI_Hi_80,RX 7000 Series_CI_Lo_95,RX 7000 Series_CI_Hi_95,RX 9000 Series_Forecast,RX 9000 Series_CI_Lo_80,RX 9000 Series_CI_Hi_80,RX 9000 Series_CI_Lo_95,RX 9000 Series_CI_Hi_95
2026-05-01,908.0554756007274,893.2999631146364,922.8109880868184,885.4610971064006,930.6498540950541,1079.1008436483844,1053.1419862088785,1105.0597010878903,1039.351343194141,1118.8503441026278,1341.2116814159292,1341.2116814159292,1341.2116814159292,1341.2116814159292,1341.2116814159292,718.8491095793288,707.9895670227871,729.7086521358705,702.2204350396244,735.4777841190332,643.8406790864528,632.8200777475282,654.8612804253775,626.9653832862244,660.7159748866812,658.209298245614,658.209298245614,658.209298245614,658.209298245614,658.209298245614
2026-06-01,886.6851460393189,865.8177001617235,907.5525919169143,854.731869539251,918.6384225393867,1059.1477431523222,1022.4363748976632,1095.8591114069811,1002.9334605123756,1115.3620257922687,1341.2116814159292,1341.2116814159292,1341.2116814159292,1341.2116814159292,1341.2116814159292,710.6242714649815,695.2665591003524,725.9819838296105,687.1077744066432,734.1407685233197,631.6468585773935,616.0613746983792,647.2323424564078,607.7815863876527,655.5121307671342,658.209298245614,658.209298245614,658.209298245614,658.209298245614,658.209298245614
2026-07-01,875.1153215092193,849.5580241915927,900.6726188268458,835.9807099916037,914.2499330268348,1041.4263030184625,996.4642430268009,1086.388363010124,972.5781486562307,1110.2744573806942,1341.2116814159292,1341.2116814159292,1341.2116814159292,1341.2116814159292,1341.2116814159292,704.5557524767023,685.7464730218156,723.365031931589,675.7540433114071,733.3574616419975,622.6401785723663,603.5519371233872,641.7284200213453,593.411308853617,651.8690482911155,658.209298245614,658.209298245614,658.209298245614,658.209298245614,658.209298245614
2026-08-01,866.6095589130745,837.0985339408925,896.1205838852565,821.4208019244209,911.7983159017281,1026.5183538913402,974.6006390123284,1078.436068770352,947.0193529828533,1106.017354799827,1341.2116814159292,1341.2116814159292,1341.2116814159292,1341.2116814159292,1341.2116814159292,699.5745598089101,677.8554746958266,721.2936449219935,666.3172107295011,732.831908888319,615.5168091037535,593.4756064259043,637.5580117816028,581.7662175032968,649.2674007042102,658.209298245614,658.209298245614,658.209298245614,658.209298245614,658.209298245614
2026-09-01,861.816209931627,828.8218809698807,894.8105388933733,811.2936437089529,912.3387761543011,1017.8269199849894,959.7811501320281,1075.872689837951,928.9443348976423,1106.7095050723365,1341.2116814159292,1341.2116814159292,1341.2116814159292,1341.2116814159292,1341.2116814159292,695.8718381494496,671.5891627884705,720.1545135104286,658.6889915029503,733.0546847959488,610.5435258970431,585.9007121502824,635.1863396438038,572.8092173473158,648.2778344467704,658.209298245614,658.209298245614,658.209298245614,658.209298245614,658.209298245614
2026-10-01,860.594798719352,824.451322235163,896.7382752035409,805.2501003529377,915.9394970857662,1015.3290076636968,951.7430526312562,1078.9149626961373,917.9630140202722,1112.6950013071214,1341.2116814159292,1341.2116814159292,1341.2116814159292,1341.2116814159292,1341.2116814159292,693.859622100643,667.2592839970767,720.4599602042093,653.1278543795571,734.591389821729,609.3325022642966,582.3376523252981,636.3273522032952,567.9966382952052,650.668366233388,658.209298245614,658.209298245614,658.209298245614,658.209298245614,658.209298245614
2026-11-01,861.8278222793085,822.7884057738034,900.8672387848136,802.0487157552539,921.6069288033632,1017.6863785016535,949.0056973973419,1086.367059605965,912.5190855606763,1122.8536714426307,1341.2116814159292,1341.2116814159292,1341.2116814159292,1341.2116814159292,1341.2116814159292,692.2132386167183,663.4815896601864,720.9448875732502,648.2179011520288,736.2085760814077,612.0204116831803,582.8626412420002,641.1781821243604,567.3725756951234,656.6682476712373,658.209298245614,658.209298245614,658.209298245614,658.209298245614,658.209298245614
2026-12-01,863.9670915215368,822.232199766346,905.7019832767276,800.0605385214009,927.8736445216726,1023.7194425336111,950.2967060242931,1097.142179042929,911.2908772537179,1136.1480078135041,1341.2116814159292,1341.2116814159292,1341.2116814159292,1341.2116814159292,1341.2116814159292,691.1100708851521,660.394646155894,721.8254956144103,644.0770767684756,738.1430650018286,617.1516035250462,585.9806357670176,648.3225712830748,569.4210591455649,664.8821479045275,658.209298245614,658.209298245614,658.209298245614,658.209298245614,658.209298245614
2027-01-01,865.4119591799252,821.1454217216524,909.6784966381981,797.6288236969449,933.1950946629056,1031.0307109234611,953.1541386049433,1108.9072832419788,911.7822095607308,1150.2792122861915,1341.2116814159292,1341.2116814159292,1341.2116814159292,1341.2116814159292,1341.2116814159292,689.9944439928456,657.4158163232205,722.5730716624707,640.1084203737322,739.880467611959,622.9205408204467,589.8587368036727,655.9823448372207,572.2946534197616,673.5464282211318,658.209298245614,658.209298245614,658.209298245614,658.209298245614,658.209298245614
2027-02-01,864.9027676762985,818.2417401771975,911.5637951753995,793.4530693183,936.352466034297,1036.9494564676975,954.8603415032521,1119.0385714321428,911.2504991783906,1162.6484137570044,1341.2116814159292,1341.2116814159292,1341.2116814159292,1341.2116814159292,1341.2116814159292,688.1508226017463,653.8099337755467,722.4917114279459,635.5663365866282,740.7353086168645,627.6702969298752,592.8200955141721,662.5204983455784,574.3059260120798,681.0346678476707,658.209298245614,658.209298245614,658.209298245614,658.209298245614,658.209298245614
2027-03-01,861.818807516761,812.8803090109931,910.757306022529,786.8817316798038,936.7558833537182,1039.6821013777633,953.5863112645962,1125.7778914909304,907.8479227669762,1171.5162799885502,1341.2116814159292,1341.2116814159292,1341.2116814159292,1341.2116814159292,1341.2116814159292,685.7732307118199,649.7562026568743,721.7902587667655,630.6221565026843,740.9243049209555,629.9994758289814,593.4482762236801,666.5506754342828,574.0304514333636,685.9685002245992,658.209298245614,658.209298245614,658.209298245614,658.209298245614,658.209298245614
2027-04-01,856.2956714982924,805.1810768630394,907.4102661335455,778.0264484630612,934.5648945335237,1038.289374589453,948.3652546061298,1128.2134945727762,900.5930658649894,1175.9856833139165,1341.2116814159292,1341.2116814159292,1341.2116814159292,1341.2116814159292,1341.2116814159292,683.2592768666149,645.6407179568416,720.8778357763881,625.6558585360245,740.8626951972052,629.0950229731857,590.9185400752275,667.2715058711439,570.6372835356872,687.5527624106842,658.209298245614,658.209298245614,658.209298245614,658.209298245614,658.209298245614
2027-05-01,849.1346075648756,795.9328507005255,902.3363644292258,767.6694173663395,930.5997977634117,1032.9004028475895,939.304411296991,1126.496394398188,889.5815407857356,1176.2192649094434,1341.2116814159292,1341.2116814159292,1341.2116814159292,1341.2116814159292,1341.2116814159292,680.6982006177157,641.5435631020213,719.85283813341,620.7426619218086,740.6537393136227,625.025454735162,585.2901115212221,664.760797949102,564.1807104388165,685.8701990315076,658.209298245614,658.209298245614,658.209298245614,658.209298245614,658.209298245614
2027-06-01,841.5316592779204,786.3215869887031,896.7417315671378,756.9912360850562,926.0720824707846,1024.7992714094066,927.6701207186676,1121.9284221001456,876.0702594142125,1173.5282834046006,1341.2116814159292,1341.2116814159292,1341.2116814159292,1341.2116814159292,1341.2116814159292,678.6456698794741,638.0129822558039,719.2783575031443,616.4268669557291,740.8644728032191,618.7022161674829,577.4669017610047,659.9375305739611,555.5606409825632,681.8437913524026,658.209298245614,658.209298245614,658.209298245614,658.209298245614,658.209298245614
2027-07-01,834.7025671139888,777.5547129906029,891.8504212373748,747.1949154875541,922.2102187404236,1015.9274249259213,915.3892023761423,1116.4656474757003,861.9782716465722,1169.8765782052703,1341.2116814159292,1341.2116814159292,1341.2116814159292,1341.2116814159292,1341.2116814159292,677.3468069900963,635.2879795211795,719.4056344590131,612.9442274283176,741.749386551875,611.5936058753872,568.9110004245408,654.2762113262336,546.2358662787788,676.9513454719956,658.209298245614,658.209298245614,658.209298245614,658.209298245614,658.209298245614
2027-08-01,829.5071913655318,770.4851414211679,888.5292413098956,739.1296773882245,919.884705342839,1008.3159631972196,904.4805334391959,1112.1513929552434,849.3179613802458,1167.3139650141934,1341.2116814159292,1341.2116814159292,1341.2116814159292,1341.2116814159292,1341.2116814159292,676.5999739334277,633.1618037072609,720.0381441595945,610.0852757746097,743.1146720922457,605.3304722950774,561.2480669393788,649.412877650776,537.8292890941639,672.8316554959908,658.209298245614,658.209298245614,658.209298245614,658.209298245614,658.209298245614
2027-09-01,826.1769325272933,765.33839598702,887.0154690675665,733.0179234499998,919.3359416045868,1003.5815388905505,896.5504277471168,1110.6126500339842,839.6901499521676,1167.4729278289333,1341.2116814159292,1341.2116814159292,1341.2116814159292,1341.2116814159292,1341.2116814159292,676.1958284121321,631.4207874056206,720.9708694186436,607.6340468709113,744.7576099533528,601.2786631376913,555.8395597594815,646.7177665159011,531.7000360898077,670.8572901855749,658.209298245614,658.209298245614,658.209298245614,658.209298245614,658.209298245614
2027-10-01,824.2204524473633,761.6181148145771,886.8227900801495,728.3606229471595,920.0802819475671,1002.4674524336899,892.3333476697129,1112.6015571976668,833.8246045138502,1171.1103003535295,1341.2116814159292,1341.2116814159292,1341.2116814159292,1341.2116814159292,1341.2116814159292,675.7332964369874,629.6601593431002,721.8064335308746,605.1838052619727,746.2827876120022,600.1818368210853,553.4253851840423,646.9382884581283,528.5860202518633,671.7776533903074,658.209298245614,658.209298245614,658.209298245614,658.209298245614,658.209298245614
2027-11-01,822.5345598811066,758.2167720940835,886.8523476681297,724.0479473322274,921.0211724299858,1004.645967754235,891.4939314856497,1117.7980040228204,831.3819122179638,1177.9100232905062,1341.2116814159292,1341.2116814159292,1341.2116814159292,1341.2116814159292,1341.2116814159292,674.5935129576164,627.2578643805718,721.929161534661,602.1108010740169,747.076224841216,601.9824626021358,553.9447750687142,650.0201501355574,528.4247535665841,675.5401716376875,658.209298245614,658.209298245614,658.209298245614,658.209298245614,658.209298245614
2027-12-01,819.6914552304058,753.7027973069132,885.6801131538984,718.6463227850577,920.736587675754,1008.8473720496867,892.7558323437639,1124.9389117556095,831.0822018749925,1186.6125422243808,1341.2116814159292,1341.2116814159292,1341.2116814159292,1341.2116814159292,1341.2116814159292,672.3721646792684,623.8068139573102,720.9375154012266,598.0064713862699,746.7378579722669,605.8634018480416,556.5777743545201,655.149029341563,530.3947847485869,681.3320189474963,658.209298245614,658.209298245614,658.209298245614,658.209298245614,658.209298245614
2028-01-01,814.3255924260596,746.7073395406818,881.9438453114375,710.7851426953248,917.8660421567945,1013.2289903104034,894.2705611393001,1132.1874194815068,831.0738956421513,1195.3840849786557,1341.2116814159292,1341.2116814159292,1341.2116814159292,1341.2116814159292,1341.2116814159292,668.8222987311357,619.0576229531891,718.5869745090822,592.620138946155,745.0244585161164,610.4909227450497,559.9881829054958,660.9936625846036,533.1586023657328,687.8232431243666,658.209298245614,658.209298245614,658.209298245614,658.209298245614,658.209298245614
2028-02-01,805.5160818398085,736.306593530776,874.725570148841,699.5390528666026,911.4931108130145,1015.9025704233197,894.1447363820515,1137.660404464588,829.4608870476277,1202.3442537990118,1341.2116814159292,1341.2116814159292,1341.2116814159292,1341.2116814159292,1341.2116814159292,663.8730470907014,612.937277539025,714.8088166423779,585.877649964697,741.8684442167059,614.3968957575695,562.7056935547462,666.0880979603928,535.2447423844962,693.5490491306427,658.209298245614,658.209298245614,658.209298245614,658.209298245614,658.209298245614
2028-03-01,793.0611613017729,722.2962093783434,863.8261132252024,684.7023286690215,901.4199939345243,1015.4847183235561,890.9904115059927,1139.9790251411196,824.8528110091622,1206.11662563795,1341.2116814159292,1341.2116814159292,1341.2116814159292,1341.2116814159292,1341.2116814159292,657.8208124528169,605.7402759313982,709.9013489742356,578.0724909043945,737.5691340012393,616.3971390500732,563.544191742996,669.2500863571504,535.4660634861112,697.3282146140351,658.209298245614,658.209298245614,658.209298245614,658.209298245614,658.209298245614
2028-04-01,777.5696433810115,705.2826904126337,849.8565963493893,666.8802466481828,888.2590401138401,1011.5046405682031,884.332730503322,1138.6765506330842,816.772653281354,1206.2366278550521,1341.2116814159292,1341.2116814159292,1341.2116814159292,1341.2116814159292,1341.2116814159292,651.2070778412015,598.0064016340689,704.407754048334,569.7435423990297,732.6706132833732,615.9272425942718,561.9375427162748,669.9169424722687,533.255514656089,698.5989705324546,658.209298245614,658.209298245614,658.209298245614,658.209298245614,658.209298245614
2028-05-01,760.3428047870322,686.5652423565773,834.120367217487,647.3709123153982,873.3146972586661,1004.5604260169905,874.7661388194609,1134.3547132145202,805.8129237457733,1203.3079282882077,1341.2116814159292,1341.2116814159292,1341.2116814159292,1341.2116814159292,1341.2116814159292,644.6578258287951,590.3601130460867,698.9555386115036,561.5144531302727,727.8011985273175,613.203672226048,558.1006655314247,668.3066789206712,528.8271932249061,697.5801512271898,658.209298245614,658.209298245614,658.209298245614,658.209298245614,658.209298245614
2028-06-01,743.0759195328211,667.8372734331813,818.3145656324609,627.8667426927476,858.2850963728946,996.1834550174975,863.8187343828836,1128.5481756521115,793.499976545745,1198.86693348925,1341.2116814159292,1341.2116814159292,1341.2116814159292,1341.2116814159292,1341.2116814159292,638.8443655490418,583.4713461445443,694.2173849535392,554.0544295859052,723.6343015121784,609.168519441135,552.9742581624314,665.3627807198386,523.1210568581201,695.2159820241499,658.209298245614,658.209298245614,658.209298245614,658.209298245614,658.209298245614
2028-07-01,727.4566423403191,650.7847503874395,804.1285342931988,610.0528077874724,844.8604768931659,988.441196164971,853.5550161899862,1123.3273761399557,781.8967330782756,1194.9856592516664,1341.2116814159292,1341.2116814159292,1341.2116814159292,1341.2116814159292,1341.2116814159292,634.2922206495854,577.8643822849255,690.7200590142453,547.8870931536999,720.6973481454709,605.2319313398812,547.9672069929439,662.4966556868184,517.5453221836335,692.9185404961288,658.209298245614,658.209298245614,658.209298245614,658.209298245614,658.209298245614
2028-08-01,714.7648962888181,636.6860632778079,792.8437292998284,595.2066832407087,834.3231093369276,983.3839053507595,846.0225431421363,1120.7452675593827,773.0493194688053,1193.7184912327139,1341.2116814159292,1341.2116814159292,1341.2116814159292,1341.2116814159292,1341.2116814159292,631.243120578147,573.7798226650832,688.7064184912108,543.252445648768,719.233795507526,602.8796403829542,544.5640995005941,661.1951812653143,513.5839684068402,692.1753123590682,658.209298245614,658.209298245614,658.209298245614,658.209298245614,658.209298245614
2028-09-01,705.5784948661959,626.1176283148651,785.0393614175267,583.9040429594706,827.2529467729212,982.4845131960078,842.6917876793589,1122.2772387126568,768.4269022486391,1196.5421241433764,1341.2116814159292,1341.2116814159292,1341.2116814159292,1341.2116814159292,1341.2116814159292,629.6745353448653,571.1941089477974,688.1549617419331,540.1263824243551,719.2226882653754,603.251636093168,543.9038816093316,662.5993905770044,512.3753870397935,694.1278851465426,658.209298245614,658.209298245614,658.209298245614,658.209298245614,658.209298245614
2028-10-01,699.6605807070362,618.8413103452245,780.4798510688478,575.9060729655122,823.4150884485601,986.221083433162,844.0385655663802,1128.4036012999438,768.5041029496522,1203.9380639166718,1341.2116814159292,1341.2116814159292,1341.2116814159292,1341.2116814159292,1341.2116814159292,629.3116482938286,569.8314840697765,688.7918125178808,538.2326468257488,720.3906497619084,606.8068323942668,546.4445128882602,667.1691519002735,514.3770306506941,699.2366341378396,658.209298245614,658.209298245614,658.209298245614,658.209298245614,658.209298245614
2028-11-01,696.0566491007978,613.9014325254471,778.2118656761485,570.2564737197921,821.8568244818035,993.9147689935567,849.3819676420906,1138.4475703450228,772.5989169241243,1215.230621062989,1341.2116814159292,1341.2116814159292,1341.2116814159292,1341.2116814159292,1341.2116814159292,629.7012518334896,569.2378777905407,690.1646258764384,537.1167103302241,722.285793336755,613.1648704367635,551.8047590449421,674.5249818285849,519.2071998680369,707.1225410054901,658.209298245614,658.209298245614,658.209298245614,658.209298245614,658.209298245614
2028-12-01,693.3733778684348,609.9035943580532,776.8431613788164,565.560271868163,821.1864838687065,1003.8691505902182,857.0236775715822,1150.714623608854,779.0120200304318,1228.7262811500045,1341.2116814159292,1341.2116814159292,1341.2116814159292,1341.2116814159292,1341.2116814159292,630.3778630456152,568.9470135870989,691.8087125041314,536.3118748122622,724.4438512789682,621.1689981921727,558.8270626761154,683.51093370823,525.7079094332099,716.6300869511355,658.209298245614,658.209298245614,658.209298245614,658.209298245614,658.209298245614
2029-01-01,690.1635474449033,605.3995815867796,774.927513303027,560.3687247246514,819.9583701651552,1013.7761257356475,864.6538429418559,1162.898408529439,785.4326302076543,1242.1196212636407,1341.2116814159292,1341.2116814159292,1341.2116814159292,1341.2116814159292,1341.2116814159292,630.9797222078405,568.5963996790409,693.3630447366401,535.4552595856162,726.5041848300648,629.1557334228585,565.8471986288849,692.464268216832,532.2145395195865,726.0969273261304,658.209298245614,658.209298245614,658.209298245614,658.209298245614,658.209298245614
2029-02-01,685.3137803418161,599.2750968516305,771.3524638320018,553.5670462474694,817.0605144361629,1021.2829094732172,869.9180604983111,1172.647758448123,789.5054844803923,1253.0603344660421,1341.2116814159292,1341.2116814159292,1341.2116814159292,1341.2116814159292,1341.2116814159292,631.3265621017498,568.0050918545298,694.6480323489698,534.3655607856942,728.2875634178054,635.3618715214249,571.1012752618875,699.6224677809622,536.9628334990083,733.7609095438414,658.209298245614,658.209298245614,658.209298245614,658.209298245614,658.209298245614
2029-03-01,678.3319519822021,591.0371628739654,765.6267410904388,544.6618061602146,812.0020978041896,1024.5722697955914,870.9975981053653,1178.1469414858175,789.4110537699328,1259.73348582125,1341.2116814159292,1341.2116814159292,1341.2116814159292,1341.2116814159292,1341.2116814159292,631.4721047886899,567.2261846162236,695.7180249611562,533.0955395246009,729.8486700527789,638.3623927110331,573.1636359322204,703.5611494898458,538.5267963934762,738.19798902859,658.209298245614,658.209298245614,658.209298245614,658.209298245614,658.209298245614
2029-04-01,669.4587991623027,580.9257242457569,757.9918740788486,533.892528196342,805.0250701282635,1022.804614061341,867.0514694243054,1178.5577586983766,784.3076113358804,1261.3016167868016,1341.2116814159292,1341.2116814159292,1341.2116814159292,1341.2116814159292,1341.2116814159292,631.6630465921605,566.5057912529103,696.8203019314108,531.8909993539337,731.4350938303874,637.4245739583612,571.3009659248132,703.5481819919091,536.172799156991,738.6763487597314,658.209298245614,658.209298245614,658.209298245614,658.209298245614,658.209298245614
2029-05-01,659.575980964001,569.8217024982594,749.3302594297427,522.1397420633341,797.0122198646679,1016.3074729283335,858.4059075659537,1174.2090382907134,774.5207009671894,1258.0942448894775,1341.2116814159292,1341.2116814159292,1341.2116814159292,1341.2116814159292,1341.2116814159292,632.23811340428,566.1820948451693,698.2941319633908,531.0898349856417,733.3863918229184,632.6860163610131,565.6503154752479,699.7217172467783,530.0375993796852,735.3344333423411,658.209298245614,658.209298245614,658.209298245614,658.209298245614,658.209298245614
2029-06-01,649.9377838829653,558.9786960927225,740.896871673208,510.6566807041561,789.2188870617745,1006.46523539694,846.4440910957743,1166.4863796981056,761.4328581857801,1251.4976126080999,1341.2116814159292,1341.2116814159292,1341.2116814159292,1341.2116814159292,1341.2116814159292,633.5178053235722,566.5750891221891,700.4605215249554,531.0117711402042,736.0238395069402,625.1109695189202,557.1754203041145,693.046518733726,521.084659783749,729.1372792540915,658.209298245614,658.209298245614,658.209298245614,658.209298245614,658.209298245614
2029-07-01,641.8010639179449,549.6529179769643,733.9492098589255,500.69921544581825,782.9029123900716,995.3414314530029,833.228418702579,1157.4544442034266,747.1058806789164,1243.5769822270895,1341.2116814159292,1341.2116814159292,1341.2116814159292,1341.2116814159292,1341.2116814159292,635.682996025201,567.8651744960758,703.5008175543261,531.8369568087281,739.5290352416738,616.2379708918227,547.4143375890915,685.0616041945539,510.85178239701565,721.6241593866297,658.209298245614,658.209298245614,658.209298245614,658.209298245614,658.209298245614
2029-08-01,636.0551928248196,542.7331378266175,729.3772478230218,493.15579610882264,778.9545895408166,985.1363729907644,820.9581430618737,1149.314602919655,733.7384584121506,1236.5342875693782,1341.2116814159292,1341.2116814159292,1341.2116814159292,1341.2116814159292,1341.2116814159292,638.6879805494409,570.0062028970417,707.3697582018401,533.5190085192046,743.8569525796772,607.7869124655692,538.0865096341629,677.4873152969756,501.05817062997835,714.5156543011601,658.209298245614,658.209298245614,658.209298245614,658.209298245614,658.209298245614
2029-09-01,632.9534818023658,538.4721021669337,727.4348614377978,488.2788692356104,777.6280943691212,977.6257515513023,811.407962304338,1143.8435407982665,723.1047617668881,1232.1467413357163,1341.2116814159292,1341.2116814159292,1341.2116814159292,1341.2116814159292,1341.2116814159292,642.2472171288223,572.7122169775967,711.7822172800479,535.771748147258,748.7226861103866,601.2303748858396,530.6640953414864,671.7966544301929,493.1757593335486,709.2849904381306,658.209298245614,658.209298245614,658.209298245614,658.209298245614,658.209298245614
2029-10-01,632.0199299963941,536.393279701919,727.6465802908692,485.5916217329792,778.448238259809,973.7294503202004,805.4968264278267,1141.962074212574,716.1232449850032,1231.3356556553977,1341.2116814159292,1341.2116814159292,1341.2116814159292,1341.2116814159292,1341.2116814159292,645.8821104730729,575.504231060801,716.2599898853448,538.1159826230315,753.6482383231142,597.4426150032665,526.0209553851694,668.8642746213636,488.07819871305526,706.8070312934777,658.209298245614,658.209298245614,658.209298245614,658.209298245614,658.209298245614
2029-11-01,632.1576523641913,535.3992863420792,728.9160183863034,483.99640439283223,780.3189003355504,973.3235671220209,803.0999553013412,1143.5471789427006,712.6686615216051,1233.9784727224367,1341.2116814159292,1341.2116814159292,1341.2116814159292,1341.2116814159292,1341.2116814159292,649.0221948598498,577.8114121432862,720.2329775764134,539.9806838251119,758.0637058945878,596.5178518660555,524.2509360852168,668.7847676468941,485.8591370766462,707.1765666554647,658.209298245614,658.209298245614,658.209298245614,658.209298245614,658.209298245614
2029-12-01,631.9307626241056,534.0537656125697,729.8077596356414,482.05661095019127,781.8049142980199,975.3423280498238,803.1507478234897,1147.533908276158,711.6739708282498,1239.0106852713977,1341.2116814159292,1341.2116814159292,1341.2116814159292,1341.2116814159292,1341.2116814159292,651.14364897257,579.1095928626787,723.1777050824612,540.8415005542989,761.445797390841,597.8034149105376,524.7010156999348,670.9058141211405,485.8653661193021,709.7414637017732,658.209298245614,658.209298245614,658.209298245614,658.209298245614,658.209298245614
2030-01-01,629.9444862003261,530.9614993150872,728.927473085565,478.3767875323039,781.5121848683482,978.1380530594269,804.0007435005427,1152.275362618311,711.4902977973856,1244.7858083214683,1341.2116814159292,1341.2116814159292,1341.2116814159292,1341.2116814159292,1341.2116814159292,651.8975267725128,579.0495006895756,724.7455528554501,540.3489868330151,763.4460667120105,600.1352700435586,526.2068288032765,674.0637112838408,486.9323443943766,713.3381956927407,658.209298245614,658.209298245614,658.209298245614,658.209298245614,658.209298245614
2030-02-01,625.2214703237654,525.1447155729713,725.2982250745595,471.978939611612,778.4640010359187,979.9977263873533,803.9361892477178,1156.0592635269886,710.4034976422865,1249.59195513242,1341.2116814159292,1341.2116814159292,1341.2116814159292,1341.2116814159292,1341.2116814159292,651.1961856539067,577.5431845696492,724.8491867381642,538.4150277436372,763.9773435641762,602.2090121811923,527.4636572881332,676.9543670742514,487.7551875011955,716.662836861189,658.209298245614,658.209298245614,658.209298245614,658.209298245614,658.209298245614
2030-03-01,617.472832858951,516.3141358024064,718.6315299154957,462.5735779911172,772.3720877267849,979.6726956140267,801.7077351877231,1157.6376560403303,707.1638499612493,1252.181541266804,1341.2116814159292,1341.2116814159292,1341.2116814159292,1341.2116814159292,1341.2116814159292,649.2402340427,574.7909611566939,723.689506928706,535.2397849360033,763.2406831493967,602.9832180113472,527.4297817429625,678.5366542797318,487.2920187253832,718.6744172973112,658.209298245614,658.209298245614,658.209298245614,658.209298245614,658.209298245614
2030-04-01,607.1902923027383,504.96110303223224,709.4194815732443,450.6518462322759,763.7287383732007,976.7747969394626,796.9265569728162,1156.6230369061088,701.3821794905355,1252.1674143883897,1341.2116814159292,1341.2116814159292,1341.2116814159292,1341.2116814159292,1341.2116814159292,646.4718732983105,571.2347554787639,721.7089911178571,531.2650366371298,761.6787099594911,602.0037544862646,525.6507886903482,678.356720282181,485.0882756112677,718.9192333612615,658.209298245614,658.209298245614,658.209298245614,658.209298245614,658.209298245614
2030-05-01,595.5332991958594,492.2447117932226,698.8218865984961,437.3726497355718,753.693948656147,971.9285834721732,790.2165813956317,1153.6405855487146,693.6820802924691,1250.1750866518773,1341.2116814159292,1341.2116814159292,1341.2116814159292,1341.2116814159292,1341.2116814159292,643.4673949123736,567.4505970165817,719.4841928081655,527.0666731344422,759.868116690305,599.5593886228498,522.4151792503773,676.7035979953224,481.43231802125126,717.6864592244484,658.209298245614,658.209298245614,658.209298245614,658.209298245614,658.209298245614
2030-06-01,584.039704444652,479.702475056675,688.376933832629,424.2733219443123,743.8060869449916,966.6354946455617,783.0786533722668,1150.1923359188568,685.5640814458288,1247.7069078452946,1341.2116814159292,1341.2116814159292,1341.2116814159292,1341.2116814159292,1341.2116814159292,640.7999193731766,564.0113575500313,717.5884811963219,523.2174340814854,758.3824046648679,596.6249486318264,518.6975292367548,674.5523680268981,477.298587683123,715.9513095805298,658.209298245614,658.209298245614,658.209298245614,658.209298245614,658.209298245614
2030-07-01,574.2355407712549,468.8601044253659,679.610977117144,412.8794038666124,735.5916776758975,962.8839433719646,777.5006208809859,1148.2672658629433,679.0157308076537,1246.7521559362756,1341.2116814159292,1341.2116814159292,1341.2116814159292,1341.2116814159292,1341.2116814159292,638.9039549502097,561.3513090159519,716.4566008844675,520.1514658633774,757.656444037042,594.605986095255,515.9031503938212,673.3088217966889,474.0922689274344,715.1197032630757,658.209298245614,658.209298245614,658.209298245614,658.209298245614,658.209298245614
2030-08-01,567.2463888234571,460.8428750947569,673.6499025521573,404.3160084263849,730.1767692205293,962.6084153285806,775.4164322273837,1149.8003984297775,675.9706912048729,1249.2461394522884,1341.2116814159292,1341.2116814159292,1341.2116814159292,1341.2116814159292,1341.2116814159292,637.9768626983084,559.6675876669196,716.2861377296972,518.0657853064944,757.8879400901225,594.9528675904778,515.482181162598,674.4235540183577,473.26337899778684,716.6423561831688,658.209298245614,658.209298245614,658.209298245614,658.209298245614,658.209298245614
2030-09-01,563.5123810655793,456.0906286941863,670.9341334369724,399.0228227468838,728.0019393842749,967.1422104550401,778.1588756952699,1156.1255452148102,677.7614791041419,1256.5229418059382,1341.2116814159292,1341.2116814159292,1341.2116814159292,1341.2116814159292,1341.2116814159292,637.9441328863854,558.8854697274436,717.0027960453273,516.8855549242558,759.0027108485151,598.7479795868036,518.5167907934801,678.979168380127,475.893971747027,721.6019874265801,658.209298245614,658.209298245614,658.209298245614,658.209298245614,658.209298245614
2030-10-01,562.6813089166999,454.25087946413305,671.1117383692667,396.647213817457,728.7154040159428,976.8112537373995,786.0533886400779,1167.5691188347212,684.7132728071258,1268.9092346676732,1341.2116814159292,1341.2116814159292,1341.2116814159292,1341.2116814159292,1341.2116814159292,638.4941433563206,558.6931290456216,718.2951576670196,516.2988401930629,760.6894465195783,606.3776650239897,525.3931152069943,687.3622148409852,482.37007311671545,730.385256931264,658.209298245614,658.209298245614,658.209298245614,658.209298245614,658.209298245614
2030-11-01,563.7069490052604,454.27713962959143,673.1367583809295,396.1425533987673,731.2713446117535,990.7796903637754,798.2636510941796,1183.2957296333711,695.989505232207,1285.569875495344,1341.2116814159292,1341.2116814159292,1341.2116814159292,1341.2116814159292,1341.2116814159292,639.1719661115461,558.6354430331706,719.7084891899216,515.8504151477836,762.4935170753087,617.378490142491,535.6475231658736,699.1094571191085,492.22794695954565,742.5290333254364,658.209298245614,658.209298245614,658.209298245614,658.209298245614,658.209298245614
2030-12-01,565.1252894217547,454.7051448433199,675.5454340001895,396.04444303602645,734.206135807483,1007.1915698432026,812.9332684617245,1201.4498712246807,709.7335458528144,1304.6495938335909,1341.2116814159292,1341.2116814159292,1341.2116814159292,1341.2116814159292,1341.2116814159292,639.5075397872181,558.2421645398776,720.7729150345585,515.0699339397281,763.9451456347081,630.501356377141,548.0307275641845,712.9719851900974,504.21820600730143,756.7845067469805,658.209298245614,658.209298245614,658.209298245614,658.209298245614,658.209298245614
2031-01-01,565.4343619543655,454.0326856768084,676.8360382319227,394.85054515435615,736.0181787543748,1023.5745667159105,827.5894909188444,1219.5596425129766,723.472419401653,1323.676714030168,1341.2116814159292,1341.2116814159292,1341.2116814159292,1341.2116814159292,1341.2116814159292,639.1422236928004,557.1544753481337,721.129972037467,513.5984840400296,764.6859633455712,643.9791555184311,560.7754400324268,727.1828710044354,516.5734661804871,771.384844856375,658.209298245614,658.209298245614,658.209298245614,658.209298245614,658.209298245614
2031-02-01,563.4763913753173,451.1017562205067,675.851026530128,391.4027312945135,735.5500514561212,1037.4023152178238,839.7055468710794,1235.0990835645682,734.6791386868714,1340.1254917487763,1341.2116814159292,1341.2116814159292,1341.2116814159292,1341.2116814159292,1341.2116814159292,637.9198643557881,555.2160522116933,720.623676499883,511.2796520101429,764.5600767014334,655.9295802040706,571.9991809166405,739.8599794915007,527.4111562951932,784.448004112948,658.209298245614,658.209298245614,658.209298245614,658.209298245614,658.209298245614
2031-03-01,558.7211067835148,445.38186479335496,672.0603487736746,385.1703924860826,732.2718210809469,1046.6700607193418,847.2762932783535,1246.06382816033,741.3483543253285,1351.991767113355,1341.2116814159292,1341.2116814159292,1341.2116814159292,1341.2116814159292,1341.2116814159292,635.9192953759729,552.5055662439944,719.3330245079513,508.19202264263083,763.6465681093149,664.7887968934357,580.1379517799995,749.4396420068718,535.1671903134866,794.4104034733848,658.209298245614,658.209298245614,658.209298245614,658.209298245614,658.209298245614
2031-04-01,551.3761988600975,437.08049061332565,665.6719071068693,376.3608956072281,726.3915021129669,1050.3350885581028,849.258643458545,1251.4115336576606,742.4367819994048,1358.2333951168007,1341.2116814159292,1341.2116814159292,1341.2116814159292,1341.2116814159292,1341.2116814159292,633.4198090081995,549.3021540703661,717.537463946033,504.61464988464206,762.224968131757,669.6635372639771,584.2983263622845,755.0287481656698,538.9480580707602,800.379016457194,658.209298245614,658.209298245614,658.209298245614,658.209298245614,658.209298245614
2031-05-01,542.2977022455649,427.0534656332363,657.5419388578935,365.8299649329368,718.7654395581931,1048.509578002087,845.7644200982788,1251.2547359058951,738.0560549618808,1358.9631010422931,1341.2116814159292,1341.2116814159292,1341.2116814159292,1341.2116814159292,1341.2116814159292,630.8100644149056,545.9943256821813,715.6258031476299,500.9359644804215,760.6841643493897,670.5109076249303,584.4372595892976,756.584555660563,538.7106340703677,802.3111811794928,658.209298245614,658.209298245614,658.209298245614,658.209298245614,658.209298245614
2031-06-01,532.7269432980228,416.5419217974629,648.9119647985826,354.8186291252905,710.635257470755,1042.3594072514127,837.959159372393,1246.7596551304323,729.3715276866637,1355.3472868161616,1341.2116814159292,1341.2116814159292,1341.2116814159292,1341.2116814159292,1341.2116814159292,628.4668084190924,542.9586848207167,713.9749320174682,497.53249415907965,759.4011226791052,668.1010030157574,581.3247012967197,754.8773047347952,535.2247910084809,800.977215023034,658.209298245614,658.209298245614,658.209298245614,658.209298245614,658.209298245614
2031-07-01,523.9271687946932,406.8089192781779,641.0454183112086,344.5898492225291,703.2644883668573,1033.740354821891,827.6983115089563,1239.7823981348258,718.2384759989598,1349.2422336448224,1341.2116814159292,1341.2116814159292,1341.2116814159292,1341.2116814159292,1341.2116814159292,626.637086278826,540.4421394092303,712.8320331484217,494.6510738847575,758.6230986728945,663.774977100267,576.3016657767268,751.2482884238073,529.8314691360961,797.718485064438,658.209298245614,658.209298245614,658.209298245614,658.209298245614,658.209298245614
2031-08-01,516.8196221425837,398.775522253856,634.8637220313115,336.0645941879694,697.5746500971981,1024.672278122864,817.0014186068167,1232.3431376389115,706.6762744889165,1342.6682817568117,1341.2116814159292,1341.2116814159292,1341.2116814159292,1341.2116814159292,1341.2116814159292,625.356983802487,538.4806433501534,712.2333242548206,492.32758748485116,758.3863801201228,659.0651727517782,570.900362040381,747.2299834631754,524.0628063499512,794.0675391536051,658.209298245614,658.209298245614,658.209298245614,658.209298245614,658.209298245614
2031-09-01,511.71856208801375,392.7558172169108,630.6813069591167,329.55685900413744,693.8802651718901,1016.7937779523334,807.5067784236993,1226.0807774809673,696.3230599241125,1337.2644959805543,1341.2116814159292,1341.2116814159292,1341.2116814159292,1341.2116814159292,1341.2116814159292,624.4303653381801,536.8779342187239,711.9827964576363,490.36570518651286,758.4950254898473,655.2798736956406,566.428945159986,744.1308022312952,519.2268893754195,791.3328580158617,658.209298245614,658.209298245614,658.209298245614,658.209298245614,658.209298245614
2031-10-01,508.23765799823946,388.363307881151,628.112008115328,324.68005938144773,691.7952566150311,1010.943479751954,800.052724972938,1221.83423453097,688.0170114965858,1333.8699480073221,1341.2116814159292,1341.2116814159292,1341.2116814159292,1341.2116814159292,1341.2116814159292,623.4742570808389,535.2509162947156,711.6975978669623,488.38226650208753,758.5662476595903,653.1636541868926,563.6318656672863,742.6954427064989,516.0681030162455,790.2592053575397,658.209298245614,658.209298245614,658.209298245614,658.209298245614,658.209298245614
2031-11-01,505.39366150251476,384.61458647409154,626.172736530938,320.4507028652416,690.3366201397879,1006.9785595632147,794.4961538661132,1219.4609652603162,681.6148758395279,1332.3422432869015,1341.2116814159292,1341.2116814159292,1341.2116814159292,1341.2116814159292,1341.2116814159292,622.0195414166612,533.1303546502058,710.9087281831166,485.90797418052637,758.1311086527961,652.7230303342998,562.5155206170317,742.9305400515678,514.592781079733,790.8532795888666,658.209298245614,658.209298245614,658.209298245614,658.209298245614,658.209298245614
2031-12-01,501.8797728738423,380.20269979329566,623.5568459543889,315.5617547192553,688.1977910284293,1003.8761709097851,789.8139486229177,1217.9383931966524,676.0933930330193,1331.6589487865508,1341.2116814159292,1341.2116814159292,1341.2116814159292,1341.2116814159292,1341.2116814159292,619.6406909139546,530.0906089009317,709.1907729269775,482.5171278315132,756.764253996396,653.2619515674971,562.3837448110777,744.1401583239166,514.1046974717299,792.4192056632644,658.209298245614,658.209298245614,658.209298245614,658.209298245614,658.209298245614
2032-01-01,496.4350638334119,373.86657170686306,619.0035559599607,308.752060264634,684.1180674021898,1000.0865115602252,784.4560468991369,1215.7169762213134,669.9023625479338,1330.2706605725166,1341.2116814159292,1341.2116814159292,1341.2116814159292,1341.2116814159292,1341.2116814159292,616.0798177609987,525.8736824204551,706.2859531015423,477.9516730207913,754.2079625012061,653.6147923972395,562.0708023316212,745.1587824628579,513.4380576092614,793.7915271852177,658.209298245614,658.209298245614,658.209298245614,658.209298245614,658.209298245614
2032-02-01,488.2100502326999,364.7565755513324,611.6635249140675,299.17191712685593,677.2481833385439,994.0380868362402,776.8507032949271,1211.2254703775532,661.4699057886046,1326.6062678838757,1341.2116814159292,1341.2116814159292,1341.2116814159292,1341.2116814159292,1341.2116814159292,611.3315310019395,520.4740793668985,702.1889826369805,472.20605818578304,750.457003818096,652.5111975853574,560.3062314988957,744.7161636718191,511.322343265463,793.7000519052518,658.209298245614,658.209298245614,658.209298245614,658.209298245614,658.209298245614
2032-03-01,477.0290741688523,352.6969159810759,601.3612323566286,286.64545694381974,667.4126913938849,984.6545702487533,765.921349522943,1203.3877909745636,649.7193260123563,1319.5898144851503,1341.2116814159292,1341.2116814159292,1341.2116814159292,1341.2116814159292,1341.2116814159292,605.6653497342091,514.1612176846063,697.169481783812,465.54964753325476,745.7810519351635,648.9716890494628,556.1104515772158,741.8329265217099,506.7779191700846,791.1654589288411,658.209298245614,658.209298245614,658.209298245614,658.209298245614,658.209298245614
2032-04-01,463.47740283938026,338.2727275738079,588.6820781049526,271.7577438389726,655.1970618397879,971.7395386806068,751.4713291526529,1192.0077482085608,634.4538428409273,1309.0252345202862,1341.2116814159292,1341.2116814159292,1341.2116814159292,1341.2116814159292,1341.2116814159292,599.5786096126492,507.4323354248748,691.7248838004235,458.4796272626197,740.6775919626787,642.6248316910953,549.1119284170094,736.1377349651813,499.4331985526512,785.8164648295394,658.209298245614,658.209298245614,658.209298245614,658.209298245614,658.209298245614
2032-05-01,448.78757954734465,322.71642560210387,574.8587334925854,255.74112506869469,641.8340340259946,956.1210521073322,734.3284769200297,1177.9136272946346,616.5011713517754,1295.740932862889,1341.2116814159292,1341.2116814159292,1341.2116814159292,1341.2116814159292,1341.2116814159292,593.6911336701493,500.9071613946219,686.4751059456767,451.61567612324797,735.7665912170505,633.8581014535065,539.6980423380829,728.01816056893,489.67551093301415,778.0406919739988,658.209298245614,658.209298245614,658.209298245614,658.209298245614,658.209298245614
2032-06-01,434.55308488284527,307.621366995582,561.4848027701086,240.18889186797335,628.9172778977172,939.5129256991527,716.2063904437334,1162.819460954572,597.574793589292,1281.4510578090135,1341.2116814159292,1341.2116814159292,1341.2116814159292,1341.2116814159292,1341.2116814159292,588.6083679655324,495.191050642869,682.0256852881957,445.56310081520417,731.6536351158605,623.7596221260951,528.9568247702598,718.5624194819304,478.5928386749723,768.9264055772179,658.209298245614,658.209298245614,658.209298245614,658.209298245614,658.209298245614
2032-07-01,422.3434621986909,294.5569756105583,550.1299487868234,226.67040461061288,618.0165197867689,924.1261553911994,699.3158554328915,1148.9364553495075,579.8853835800403,1268.3669272023585,1341.2116814159292,1341.2116814159292,1341.2116814159292,1341.2116814159292,1341.2116814159292,584.7878584940233,490.7414612195901,678.8342557684565,440.7793126675475,728.7964043204992,613.8645157635128,518.4233085186174,709.3057230084082,467.7201671697667,760.008864357259,658.209298245614,658.209298245614,658.209298245614,658.209298245614,658.209298245614
2032-08-01,413.3214106230787,284.6858350490324,541.9569861971249,216.3481855253203,610.294635720837,912.131725615466,685.8276530782955,1138.4357981526366,565.6036145429235,1258.6598366880085,1341.2116814159292,1341.2116814159292,1341.2116814159292,1341.2116814159292,1341.2116814159292,582.4430069083185,487.7717097542293,677.1143040624077,437.47758314111934,727.4084306755176,605.7725393901776,509.6971643233344,701.8479144570208,458.657121319074,752.8879574612812,658.209298245614,658.209298245614,658.209298245614,658.209298245614,658.209298245614
2032-09-01,407.96192568639015,278.4828291032221,537.4410222695582,209.69705904341407,606.2267923293662,905.1167563056775,677.328706736624,1132.904805874731,556.3163054030643,1253.9172072082906,1341.2116814159292,1341.2116814159292,1341.2116814159292,1341.2116814159292,1341.2116814159292,581.5081795120644,486.21608031504184,676.800278709087,435.59215261662354,727.4242064075054,600.7387473667457,504.0333630900359,697.4441316434554,452.65862769303385,748.8188670404575,658.209298245614,658.209298245614,658.209298245614,658.209298245614,658.209298245614
2032-10-01,405.9465141899998,275.62935645272967,536.2636719272699,206.3983664048049,605.4946619751947,903.6787008284725,674.4162795596607,1132.9411220972845,552.6206182606043,1254.7367833963408,1341.2116814159292,1341.2116814159292,1341.2116814159292,1341.2116814159292,1341.2116814159292,581.6729536118339,485.7640706347471,677.5818365889207,434.8124765531697,728.5334306704981,599.3467151104928,502.01539948197785,696.6780307390078,450.3081380543292,748.3852921666564,658.209298245614,658.209298245614,658.209298245614,658.209298245614,658.209298245614
2032-11-01,406.25908656570846,275.10922286220426,537.4089502692127,205.43585776971767,607.0823153616992,907.2663318737996,676.5389601000918,1137.9937036475073,553.9650438453095,1260.5676199022896,1341.2116814159292,1341.2116814159292,1341.2116814159292,1341.2116814159292,1341.2116814159292,582.4751020858997,485.95337656024475,678.9968276115547,434.6762098747405,730.273994297059,601.3522923516746,503.3990450555838,699.3055396477654,451.36138242953564,751.3432022738135,658.209298245614,658.209298245614,658.209298245614,658.209298245614,658.209298245614
2032-12-01,407.4567614463462,275.47944559936093,539.4340772933315,205.36649655564997,609.5470263370424,914.3111633559556,682.1280839441101,1146.494242767801,558.7808230065672,1269.8415037053442,1341.2116814159292,1341.2116814159292,1341.2116814159292,1341.2116814159292,1341.2116814159292,583.4266551957103,486.29595375179395,680.5573566396266,434.69526860971337,732.1580417817072,605.7406969780113,507.1694419909685,704.3119519650542,454.803462779102,756.6779311769207,658.209298245614,658.209298245614,658.209298245614,658.209298245614,658.209298245614
2033-01-01,408.04276003107714,275.24314765625843,540.8423724058958,204.69335358213598,611.3921664800183,922.6161519118298,688.9864349562765,1156.245868867383,564.8706478236388,1280.3616560000207,1341.2116814159292,1341.2116814159292,1341.2116814159292,1341.2116814159292,1341.2116814159292,584.1389971190155,486.4031141101402,681.8748801278907,434.4809262616752,733.7970679763557,610.9830998854684,511.7976878351466,710.1685119357902,459.10543768341313,762.8607620875237,658.209298245614,658.209298245614,658.209298245614,658.209298245614,658.209298245614
2033-02-01,406.8420933468893,273.22524487474004,540.4589418190386,202.2412941239108,611.4428925698678,929.9005184901486,694.8330666294187,1164.9679703508784,569.9534828284061,1289.847554151891,1341.2116814159292,1341.2116814159292,1341.2116814159292,1341.2116814159292,1341.2116814159292,584.4137568131912,486.0764165397127,682.7510970866697,433.8347045194272,734.9928091069552,615.4258417141865,515.630052136351,715.221631292022,462.61353892312576,768.2381445052472,658.209298245614,658.209298245614,658.209298245614,658.209298245614,658.209298245614
2033-03-01,404.2012717865379,269.7721553557718,538.630388217304,198.35668725192727,610.0458563211486,934.3584698309667,697.8620233378722,1170.8549163240612,572.2232861384157,1296.4936535235177,1341.2116814159292,1341.2116814159292,1341.2116814159292,1341.2116814159292,1341.2116814159292,584.2759611493484,485.3408199880844,683.2111023106124,432.7815262461629,735.7703960525339,617.7102268382326,517.3077703377309,718.1126833387344,463.9689653218394,771.4514883546259,658.209298245614,658.209298245614,658.209298245614,658.209298245614,658.209298245614
2033-04-01,403.91465538865543,268.67814961789963,539.1511611594112,196.83375592718565,610.9955548501252,935.0863969480413,697.1695386058344,1173.003255290248,570.7762076115371,1299.3965862845455,1341.2116814159292,1341.2116814159292,1341.2116814159292,1341.2116814159292,1341.2116814159292,583.9418278139412,484.41247625804806,683.4711793698344,431.5375082439798,736.3461473839027,617.1128411190771,516.1073614399693,718.1183207981849,462.44820036044337,771.7774818777108,658.209298245614,658.209298245614,658.209298245614,658.209298245614,658.209298245614
2033-05-01,402.15924811227535,266.12014475661937,538.1983514679314,193.84937109892715,610.4691251256236,932.2685649407575,692.9397247167045,1171.5974051648104,565.7962783476763,1298.7408515338388,1341.2116814159292,1341.2116814159292,1341.2116814159292,1341.2116814159292,1341.2116814159292,583.7314456547927,483.6114102688924,683.8514810406929,430.42264147013293,737.0402498394524,613.7176366530276,512.1127126627104,715.3225606433449,458.13509679285426,769.300176513201,658.209298245614,658.209298245614,658.209298245614,658.209298245614,658.209298245614
2033-06-01,400.0694016263251,263.2324081247941,536.9063951278561,190.53775532710574,609.6010479255444,927.075841986484,686.3433015135456,1167.8083824594223,558.4541393872971,1295.6975445856708,1341.2116814159292,1341.2116814159292,1341.2116814159292,1341.2116814159292,1341.2116814159292,583.9516037479852,483.24434904301745,684.658858452953,429.7436199810033,738.1595875149671,608.3758841925763,506.17503178443997,710.5767366007127,451.88082894261754,764.8709394425351,658.209298245614,658.209298245614,658.209298245614,658.209298245614,658.209298245614
2033-07-01,398.7970795542109,261.1668214738555,536.4273376345662,188.05074686866675,609.5434122397551,921.3083476549197,679.1802445315534,1163.436450778286,550.5496897472651,1292.0670055625742,1341.2116814159292,1341.2116814159292,1341.2116814159292,1341.2116814159292,1341.2116814159292,584.7821182555599,483.4910484875463,686.0731880235735,429.6801676732891,739.8840688378307,602.4664907206552,499.6731646395269,705.2598168017835,445.0642101589275,759.8687712823829,658.209298245614,658.209298245614,658.209298245614,658.209298245614,658.209298245614
2033-08-01,399.1581721127143,260.7391954946494,537.5771487307792,187.20411416630236,611.1122300591262,916.8806220464969,673.3649539639604,1160.3962901290333,543.9972552951128,1289.763988797881,1341.2116814159292,1341.2116814159292,1341.2116814159292,1341.2116814159292,1341.2116814159292,586.1980370741768,484.326497970824,688.0695761775296,430.2072428221678,742.1888313261858,597.5220348123324,494.1396304066857,700.9044392179792,439.2177280661859,755.826341558479,658.209298245614,658.209298245614,658.209298245614,658.209298245614,658.209298245614
2033-09-01,401.3757927753284,262.1725663877206,540.5790191629362,188.22085236930397,614.5307331813528,915.2889718712372,670.3936005771911,1160.1843431652833,540.2929345772293,1290.2850091652451,1341.2116814159292,1341.2116814159292,1341.2116814159292,1341.2116814159292,1341.2116814159292,587.9503477112944,485.5016281301143,690.3990672924745,431.0757458526124,744.8249495699764,594.8210853174671,490.85294022213424,698.7892304128,435.61986314023864,754.0223074946956,658.209298245614,658.209298245614,658.209298245614,658.209298245614,658.209298245614
2033-10-01,404.9914544225611,265.00837192525796,544.9745369198642,190.64235934856566,619.3405494965566,917.2041612451608,670.9368163518249,1163.4715061384968,540.1072893772402,1294.3010331130813,1341.2116814159292,1341.2116814159292,1341.2116814159292,1341.2116814159292,1341.2116814159292,589.6118839092203,486.58921743062143,692.6345503878192,431.85842586386576,747.3653419545749,595.0555895940597,490.50498534695026,699.6061938411692,434.9624768406734,755.148702347446,658.209298245614,658.209298245614,658.209298245614,658.209298245614,658.209298245614
2033-11-01,408.96941717250485,268.21079919771097,549.7280351472987,193.43278339860174,624.506050946408,922.2977819154305,674.6660645600443,1169.9294992708167,543.1117147149955,1301.4838491158655,1341.2116814159292,1341.2116814159292,1341.2116814159292,1341.2116814159292,1341.2116814159292,590.6773294827823,487.08389594137503,694.2707630241895,432.04988437250245,749.3047745930621,598.1612385876426,493.0314021837596,703.2910749915256,437.1811765941968,759.1413005810884,658.209298245614,658.209298245614,658.209298245614,658.209298245614,658.209298245614
2033-12-01,411.96708877764985,270.43718493079086,553.4969926245088,195.24942351214705,628.6847540431527,929.3469249772769,680.3583113421502,1178.3355386124038,548.0831103484891,1310.6107396060647,1341.2116814159292,1341.2116814159292,1341.2116814159292,1341.2116814159292,1341.2116814159292,590.6913434843036,486.53027044146626,694.8524165271409,431.19470038745897,750.1879865811483,603.3544212379653,497.64852662381094,709.0603158521196,441.49227011004143,765.2165723658892,658.209298245614,658.209298245614,658.209298245614,658.209298245614,658.209298245614
2034-01-01,412.69922677217244,270.40221755684024,554.9962359875046,194.80693141119502,630.5915221331499,936.5863594746045,686.2482041736056,1186.9245147756033,553.2560591699499,1319.9166597792591,1341.2116814159292,1341.2116814159292,1341.2116814159292,1341.2116814159292,1341.2116814159292,589.3708699400709,484.64523410064214,694.0965057794996,429.00974006094566,749.7319998191961,609.3636069996336,503.0847765109129,715.6424374883543,446.62414781378004,772.1030661854871,658.209298245614,658.209298245614,658.209298245614,658.209298245614,658.209298245614
2034-02-01,410.2979569195942,267.23795559023756,553.3579582489508,191.23732988401682,629.3585839551715,942.2105724713233,690.5301118092535,1193.891033133393,556.824867082529,1327.5962778601177,1341.2116814159292,1341.2116814159292,1341.2116814159292,1341.2116814159292,1341.2116814159292,586.6888092124872,481.40163778828196,691.9759806366924,425.4678279691729,747.9097904558014,614.790723871028,507.9420296163871,721.639418125669,451.1786607936092,778.4027869484469,658.209298245614,658.209298245614,658.209298245614,658.209298245614,658.209298245614
2034-03-01,404.5711902497795,260.75224459559,548.3901359039689,184.34842971680183,624.7939507827571,944.8876684178679,691.8720235287894,1197.9033133069463,557.4574621814667,1332.317874654269,1341.2116814159292,1341.2116814159292,1341.2116814159292,1341.2116814159292,1341.2116814159292,582.8961368971055,477.05040891979263,688.7418648744184,420.81986593184513,744.9724078623659,618.5033375402079,511.08780273358303,725.9188723468328,454.0232998675636,782.9833752128523,658.209298245614,658.209298245614,658.209298245614,658.209298245614,658.209298245614
2034-04-01,396.088741048119,251.51483511136325,540.6626469848748,174.70994758246178,617.4675345137762,944.1440503975052,689.800230267743,1198.4878705272674,554.680075823807,1333.6080249712036,1341.2116814159292,1341.2116814159292,1341.2116814159292,1341.2116814159292,1341.2116814159292,578.475616524024,472.07426410975876,684.8769689382891,415.54854563968036,741.4026874083676,619.9504686818136,511.9710689258197,727.9298684378075,454.6070128054479,785.2939245581794,658.209298245614,658.209298245614,658.209298245614,658.209298245614,658.209298245614
2034-05-01,386.0711641205452,240.7462198524083,531.396108388682,163.54234320996062,608.5999850311298,940.5137809362825,684.8486853174918,1196.1788765550732,549.0266032700092,1332.0009586025558,1341.2116814159292,1341.2116814159292,1341.2116814159292,1341.2116814159292,1341.2116814159292,574.0381897604643,467.0840993285318,680.9922801923968,410.2647387865677,737.8116407343609,619.3157919645972,510.7754564872446,727.8561274419499,453.113403264901,785.5181806642934,658.209298245614,658.209298245614,658.209298245614,658.209298245614,658.209298245614
2034-06-01,376.10880364419234,230.0366825010246,522.18092478736,152.43586814371676,599.7817391446679,935.4101061097629,678.4305283271499,1192.3896838923758,541.9101276301369,1328.9100845893888,1341.2116814159292,1341.2116814159292,1341.2116814159292,1341.2116814159292,1341.2116814159292,570.1881631074481,462.68417655504464,677.6921496598516,405.5726836990803,734.8036425158159,617.4660772524377,508.3676900993374,726.564464405538,450.40917192425286,784.5229825806225,658.209298245614,658.209298245614,658.209298245614,658.209298245614,658.209298245614
2034-07-01,367.783741375701,220.9682458583972,514.5992368930049,142.97251386482955,592.5949688865725,930.7517212455873,672.4643509060862,1189.0390915850885,535.2491854132263,1326.2542570779483,1341.2116814159292,1341.2116814159292,1341.2116814159292,1341.2116814159292,1341.2116814159292,567.3914368103402,459.34035264550323,675.4425209751772,401.9382141829336,732.8446594377468,615.7081803797879,506.0545815638837,725.3617791956921,447.8011071929346,783.6152535666413,658.209298245614,658.209298245614,658.209298245614,658.209298245614,658.209298245614
2034-08-01,362.2931731482429,214.7380482873332,509.8482980091526,136.34938820497496,588.2369580915108,928.4427879403167,668.8542135452576,1188.031362335376,530.9477833978824,1325.937792482751,1341.2116814159292,1341.2116814159292,1341.2116814159292,1341.2116814159292,1341.2116814159292,565.8800905118305,457.28466494641356,674.4755160772476,399.59334511478573,732.1668359088753,615.4197648142617,505.21375142501523,725.6257782035082,446.66680681197806,784.1727228165454,658.209298245614,658.209298245614,658.209298245614,658.209298245614,658.209298245614
2034-09-01,360.1723434230314,211.8812782119209,508.46340863414196,133.10164981851844,587.2430370275443,929.8456484912095,668.9623599577664,1190.7289370246526,530.3681129243746,1329.3231840580445,1341.2116814159292,1341.2116814159292,1341.2116814159292,1341.2116814159292,1341.2116814159292,565.6169197292693,456.479867733756,674.7539717247826,398.5008088611396,732.733030597399,617.6533087272489,506.8976360010979,728.4089814534,448.0586848653301,787.2479325891677,658.209298245614,658.209298245614,658.209298245614,658.209298245614,658.209298245614
2034-10-01,361.18866687618595,212.16529565484691,510.212038097525,132.99662969351058,589.3807040588613,935.387907529069,673.2162986245419,1197.5595164335962,533.9376313940118,1336.8381836641263,1341.2116814159292,1341.2116814159292,1341.2116814159292,1341.2116814159292,1341.2116814159292,566.3276166181122,456.6516129399662,676.0036202962582,398.3862359859511,734.2689972502733,622.8206022844414,511.5179846382522,734.1232199306306,452.38846901371414,793.2527355551687,658.209298245614,658.209298245614,658.209298245614,658.209298245614,658.209298245614
2034-11-01,364.43317903285424,214.6810828241527,514.1852752415558,135.12528171328,593.7410763524285,944.4103206320783,680.9566913248452,1207.8639499393114,540.9969507553777,1347.8236905087788,1341.2116814159292,1341.2116814159292,1341.2116814159292,1341.2116814159292,1341.2116814159292,567.5904637346765,457.3781438818305,677.8027835875225,398.827848960006,736.353078509347,630.5438152780879,518.6969273072315,742.3907032489443,459.278268072714,801.8093624834618,658.209298245614,658.209298245614,658.209298245614,658.209298245614,658.209298245614
2034-12-01,368.5831619516485,218.10586975236885,519.0604541509281,138.16480827150153,599.0015156317954,955.2981685899948,690.568727320767,1220.0276098592226,549.9312116464898,1360.6651255334998,1341.2116814159292,1341.2116814159292,1341.2116814159292,1341.2116814159292,1341.2116814159292,568.9584164046721,458.2123775956773,679.704455213667,399.3785444783988,738.5382883309454,639.7149744247488,527.3264518673417,752.1034969821559,467.6200492587192,811.8098995907784,658.209298245614,658.209298245614,658.209298245614,658.209298245614,658.209298245614
2035-01-01,372.26465842891105,221.06564845743478,523.4636684003873,140.74117441008804,603.7881424477341,965.8635554181924,699.8644212950112,1231.8626895413736,558.5523812920712,1373.1747295443135,1341.2116814159292,1341.2116814159292,1341.2116814159292,1341.2116814159292,1341.2116814159292,570.080269378099,458.80307146037325,681.3574672958249,399.6870600665814,740.4734786896167,648.7501778003204,535.8226184690911,761.6777371315497,475.8298525743756,821.6705030262654,658.209298245614,658.209298245614,658.209298245614,658.209298245614,658.209298245614
2035-02-01,374.41764595451565,222.50034685700743,526.3349450520238,141.79428171145622,607.0410101975751,973.8794556824062,706.6166606026444,1241.1422507621678,564.6333007165209,1383.1256106482915,1341.2116814159292,1341.2116814159292,1341.2116814159292,1341.2116814159292,1341.2116814159292,570.7883862892347,458.982552626773,682.5942199516965,399.5857034935902,741.9910690848792,655.9729433476872,542.5089080308529,769.4369786645215,482.23113926878466,829.7147474265897,658.209298245614,658.209298245614,658.209298245614,658.209298245614,658.209298245614
2035-03-01,374.5667572264938,221.9345492433523,527.1989652096353,140.84868875230842,608.2848257006792,977.6261310759947,709.1056217784528,1246.1466403735367,566.4541012141336,1388.7981609378558,1341.2116814159292,1341.2116814159292,1341.2116814159292,1341.2116814159292,1341.2116814159292,571.1299599791603,458.79797831100217,683.4619416473183,399.12161304979315,743.1383069085274,660.0266195255724,546.0286328580381,774.0246061931067,485.4672024409105,834.5860366102343,658.209298245614,658.209298245614,658.209298245614,658.209298245614,658.209298245614
2035-04-01,372.9264887613239,219.58270485556483,526.270272667083,138.11881965563035,607.7341578670175,976.3074347325638,706.5350747825944,1246.0797946825332,563.218508559173,1389.3963609059547,1341.2116814159292,1341.2116814159292,1341.2116814159292,1341.2116814159292,1341.2116814159292,571.3343800079973,458.4787032786775,684.1900567373171,398.5241250162263,744.1446349997683,660.2079740767182,545.6785253828436,774.7374227705927,484.8347557642228,835.5811923892136,658.209298245614,658.209298245614,658.209298245614,658.209298245614,658.209298245614
2035-05-01,370.31477461254497,216.26270156169852,524.3668476633914,134.4225377534364,606.2070114716536,970.2292896596857,699.2108613701309,1241.2477179492405,555.2323213413051,1385.2262579780663,1341.2116814159292,1341.2116814159292,1341.2116814159292,1341.2116814159292,1341.2116814159292,571.7267927997659,458.3498399629125,685.1037456366194,398.11833376833414,745.3352518311976,656.6349778986854,541.576522007802,771.6934337895688,480.4517173157703,832.8182384816005,658.209298245614,658.209298245614,658.209298245614,658.209298245614,658.209298245614
2035-06-01,367.9005242419578,213.14340369498422,522.6576447889313,130.92868340440452,604.872365079511,960.6959101917358,688.4371164823222,1232.9547039011495,543.7996323241961,1377.5921880592755,1341.2116814159292,1341.2116814159292,1341.2116814159292,1341.2116814159292,1341.2116814159292,572.6126341490994,458.716790945287,686.5084773529119,398.2096242432617,747.0156440549372,650.2057935228203,534.6207515586203,765.7908354870202,473.2161980151392,827.1953890305014,658.209298245614,658.209298245614,658.209298245614,658.209298245614,658.209298245614
2035-07-01,366.8553506773477,211.39638017799794,522.3143211766975,128.8088021002184,604.901899254477,949.6541781637482,676.1606443614485,1223.1477119660478,530.8672045289767,1368.4411517985195,1341.2116814159292,1341.2116814159292,1341.2116814159292,1341.2116814159292,1341.2116814159292,574.1658440905037,459.7534638004111,688.5782243805962,398.97188677129947,749.3598014097079,642.3612787523083,526.252038897173,758.4705186074436,464.56900522413224,820.1535522804843,658.209298245614,658.209298245614,658.209298245614,658.209298245614,658.209298245614
2035-08-01,368.0052993270235,211.84763330500306,524.162965349044,128.8888732308047,607.1217254232423,939.1829841791423,664.4602597618959,1213.9057085963886,518.5138124152338,1359.8521559430508,1341.2116814159292,1341.2116814159292,1341.2116814159292,1341.2116814159292,1341.2116814159292,576.3525168049472,461.42592097881953,691.2791126310749,400.3711669461892,752.3338666637052,634.7151438966364,518.0840621319161,751.3462256613567,456.12379994440846,813.3064878488643,658.209298245614,658.209298245614,658.209298245614,658.209298245614,658.209298245614
2035-09-01,371.5781111249296,214.72486185615585,528.4313603937034,131.3965731821198,611.7596490677394,930.9646016367476,655.0181619228081,1206.9110413506871,508.4216158247777,1353.5075874487175,1341.2116814159292,1341.2116814159292,1341.2116814159292,1341.2116814159292,1341.2116814159292,578.9121606030467,463.4736397674112,694.3506814386822,402.14692557347985,755.6773956326135,628.6504350180863,511.4998358412986,745.8010341948741,449.26358002863014,808.0372900075425,658.209298245614,658.209298245614,658.209298245614,658.209298245614,658.209298245614
2035-10-01,377.1155445162106,219.56978305339226,534.661305979029,135.87359727627003,618.3574917561511,925.8786167486039,648.713864533674,1203.0433689635338,501.4700899194926,1350.2871435777151,1341.2116814159292,1341.2116814159292,1341.2116814159292,1341.2116814159292,1341.2116814159292,581.4031273896319,465.454941732172,697.3513130470917,403.8574681016465,758.9487866776174,624.9890911405746,507.3212682604351,742.6569140207141,444.810237355361,805.1679449257882,658.209298245614,658.209298245614,658.209298245614,658.209298245614,658.209298245614
2035-11-01,383.5755672911303,225.34032436583746,541.8108102164232,141.27785156177566,625.8732830204849,923.8248054044745,645.4470725486873,1202.202538260262,497.55890196905034,1350.0907088398988,1341.2116814159292,1341.2116814159292,1341.2116814159292,1341.2116814159292,1341.2116814159292,583.3013202476589,466.84570028110625,699.7569402142115,404.9786521738752,761.6239883214425,623.8208744234528,505.63809143361374,742.0036574132919,442.85348797026177,804.7882608766438,658.209298245614,658.209298245614,658.209298245614,658.209298245614,658.209298245614
2035-12-01,389.5978444846284,230.67611138196676,548.5195775872901,146.24894067117776,632.946748298079,923.8189040043385,644.2334529710406,1203.4043550376364,495.703682109601,1351.934125899076,1341.2116814159292,1341.2116814159292,1341.2116814159292,1341.2116814159292,1341.2116814159292,584.1266959882017,467.1658431940661,701.0875487823373,405.03039014718155,763.2230018292219,624.5345690894567,505.83906012178386,743.2300780571295,442.7820709827077,806.2870671962057,658.209298245614,658.209298245614,658.209298245614,658.209298245614,658.209298245614
2036-01-01,393.8616983197545,234.25642772670417,553.4669689128049,149.4661277241462,638.2572689153628,924.3313000436062,643.5433253918109,1205.1192746954016,494.3747138580447,1354.2878862291677,1341.2116814159292,1341.2116814159292,1341.2116814159292,1341.2116814159292,1341.2116814159292,583.5642728157623,466.1003602686791,701.0281853628454,403.6976567280411,763.4308889034834,626.0396865757145,506.83365693389476,745.2457162175343,443.50545368667804,808.573919464751,658.209298245614,658.209298245614,658.209298245614,658.209298245614,658.209298245614
2036-02-01,395.4404773163649,235.1545841447947,555.726370487935,150.00270339739808,640.8782512353316,923.7731360049502,641.7877658372377,1205.7585061726627,491.9830379356405,1355.56323407426,1341.2116814159292,1341.2116814159292,1341.2116814159292,1341.2116814159292,1341.2116814159292,581.547438882546,463.58261185598633,699.5122659091056,400.9137974981265,762.1810802669654,627.1156838553821,507.4013106296165,746.8300570811477,443.8030498534285,810.4283178573357,658.209298245614,658.209298245614,658.209298245614,658.209298245614,658.209298245614
2036-03-01,394.05681259853196,233.09317478385287,555.020450413211,147.58124219480462,640.5323830022593,920.9947487706926,637.8170461382529,1204.1724514031323,487.3788916147694,1354.6106059266158,1341.2116814159292,1341.2116814159292,1341.2116814159292,1341.2116814159292,1341.2116814159292,578.2810604317398,459.81743698579123,696.7446838776883,396.8836370301311,759.6784838333484,626.7916277091749,506.57106037267704,747.0121950456728,442.7038839751625,810.8793714431873,658.209298245614,658.209298245614,658.209298245614,658.209298245614,658.209298245614
2036-04-01,390.1694135335713,228.53087280994814,551.8079542571944,142.66039805052336,637.6784290166192,915.6583296892459,631.2932939556821,1200.0233654228095,480.22436872222636,1351.0922906562655,1341.2116814159292,1341.2116814159292,1341.2116814159292,1341.2116814159292,1341.2116814159292,574.1976264893563,455.2372980412521,693.1579549374604,392.03962355319675,756.3556294255158,624.6514189129243,503.926779900911,745.3760579249376,439.79181542577896,809.5110224000697,658.209298245614,658.209298245614,658.209298245614,658.209298245614,658.209298245614
