Date,128GB DDR5_Forecast,128GB DDR5_CI_Lo_80,128GB DDR5_CI_Hi_80,128GB DDR5_CI_Lo_95,128GB DDR5_CI_Hi_95,16GB DDR4_Forecast,16GB DDR4_CI_Lo_80,16GB DDR4_CI_Hi_80,16GB DDR4_CI_Lo_95,16GB DDR4_CI_Hi_95,16GB DDR5_Forecast,16GB DDR5_CI_Lo_80,16GB DDR5_CI_Hi_80,16GB DDR5_CI_Lo_95,16GB DDR5_CI_Hi_95,32GB DDR4_Forecast,32GB DDR4_CI_Lo_80,32GB DDR4_CI_Hi_80,32GB DDR4_CI_Lo_95,32GB DDR4_CI_Hi_95,32GB DDR5_Forecast,32GB DDR5_CI_Lo_80,32GB DDR5_CI_Hi_80,32GB DDR5_CI_Lo_95,32GB DDR5_CI_Hi_95,64GB DDR4_Forecast,64GB DDR4_CI_Lo_80,64GB DDR4_CI_Hi_80,64GB DDR4_CI_Lo_95,64GB DDR4_CI_Hi_95,64GB DDR5_Forecast,64GB DDR5_CI_Lo_80,64GB DDR5_CI_Hi_80,64GB DDR5_CI_Lo_95,64GB DDR5_CI_Hi_95,8GB DDR4_Forecast,8GB DDR4_CI_Lo_80,8GB DDR4_CI_Hi_80,8GB DDR4_CI_Lo_95,8GB DDR4_CI_Hi_95
2026-05-01,3086.115969069948,2601.6853623688253,3570.5465757710704,2344.3316025588542,3827.9003355810414,161.84758525638517,136.19964538603838,187.49552512673196,122.57417732991667,201.12099318285368,251.59197659870983,208.2657518629623,294.91820133445736,185.24869497209642,317.93525822532325,298.11745040925683,246.0009138224079,350.2339869961057,218.31400376064443,377.92089705786924,509.1169577714877,407.9084925091722,610.3254230338032,354.1414953385671,664.0924202044083,639.6350143826111,518.1661675092233,761.1038612559988,453.6358426077361,825.634186157486,997.7346882203005,797.32070758726,1198.148668853341,690.8507803759572,1304.618596064644,85.61680006536676,72.93083664953471,98.30276348119881,66.19141858487394,105.04218154585958
2026-06-01,3235.4254065166115,2550.3370724912575,3920.5137405419655,2186.383895040288,4284.466917992935,165.40085606760601,129.12919165603196,201.67252047918006,109.85986993738325,220.94184219782878,249.0135558082398,187.741021180521,310.2860904359586,155.18998715954535,342.83712445693425,307.08803825451236,233.384125389477,380.7919511195477,194.22892167992694,419.94715482909777,503.8367651847642,360.70638098383137,646.967149385697,284.6683643770858,723.0051659924426,643.8425123674585,472.05962171329287,815.6254030216242,380.79996105326734,906.8850636816497,990.0675575464229,706.6393880459982,1273.4957270468476,556.0681729988976,1424.0669420939482,89.66295952688198,71.72229801244339,107.60362104132057,62.19132158289788,117.13459747086608
2026-07-01,3431.2391650116933,2592.180741463933,4270.297588559453,2146.4309539541855,4716.047376069201,169.0486514628826,124.62511649797045,213.47218642779472,101.02511354786087,237.0721893779043,244.69756039864703,169.65433785618484,319.7407829411092,129.78762588050182,359.60749491679223,316.85174180975605,226.58325252681144,407.1202310927007,178.62811759524712,455.075366024265,496.40485288490834,321.1066488945081,671.7030568753086,227.979478024608,764.8302277452087,645.8062813475415,435.41606702602996,856.196495669053,323.64626566772694,967.966297027356,973.8641232760206,626.7369262724694,1320.9913202795717,442.32560286433295,1505.4026436877082,93.24296694601664,71.2702337668355,115.21570012519777,59.59721926539554,126.88871462663774
2026-08-01,3595.3634210546284,2626.5022076523833,4564.224634456873,2111.7946880324407,5078.932154076816,171.53915416339646,120.24327442270291,222.83503390409,92.99233831045946,250.08597001633348,240.48034543873683,153.82789596724177,327.1327949102319,107.79378218551003,373.1669086919636,325.09326025199414,220.8601870782963,429.326333425692,165.48636695476932,484.70015354921895,488.2755760988248,285.8586455741938,690.6925066234558,178.32465123298357,798.226500964666,646.262221240092,403.3245274933165,889.1999149868675,274.26387769034204,1018.260564789842,952.172228686497,551.3442674204159,1353.000189952578,338.40441299781037,1565.9400443751836,96.4398586697222,71.06793183805812,121.81178550138628,57.58909570873656,135.29062163070785
2026-09-01,3705.9258913285066,2622.7061243633316,4789.145658293682,2047.2456231630824,5364.606159493931,173.33957118386255,115.98903415094,230.6901082167851,85.52156135219991,261.1575810155252,236.541815374864,139.66143165729966,333.42219909242834,88.1937278073436,384.8899029423844,331.1912398390308,214.6551212789817,447.7273583990799,152.74530829395567,509.63717138410595,480.30029772419334,253.9912894992298,706.6093059491569,133.76462887971792,826.8359665686687,645.6142465525481,374.00164779514034,917.2268453099559,229.70745470526748,1061.5210383998287,927.6764023955211,479.5371180587162,1375.815686732326,241.46312325478857,1613.8896815362536,99.17607193624511,70.80939537836923,127.54274849412099,55.73959845699766,142.61254541549255
2026-10-01,3794.8658842177983,2608.258082013167,4981.47368642243,1977.8726870919568,5611.85908134364,174.38375061194958,111.55938497601545,237.2081162478837,78.18394073192543,270.58356049197374,232.961514279659,126.83437119592664,339.0886573633914,70.45432643269382,395.4687021266242,335.0186961615567,207.35977436268604,462.67761796042737,139.540972157036,530.4964201660774,472.8253468853429,224.91624934247352,720.7344444282123,93.21454127282419,852.4361524978617,643.9326638936418,346.3959694095781,941.4693583777055,188.32960046491922,1099.5357273223644,902.4660704189237,411.5540805479444,1393.3780602899028,150.75708592898673,1654.1750549088606,101.57412555020018,70.49998828579693,132.6482628146034,53.991852864082716,149.15639823631764
2026-11-01,3890.421232844451,2608.7383200451413,5172.104145643761,1927.8442726205078,5852.998193068394,175.10921758552462,107.25114704744884,242.96728812360038,71.2015470740961,279.01688809695315,229.7617297726322,115.13131387454908,344.3921456707153,54.233905428692424,405.289554116572,337.9720072830959,200.0846122802946,475.85940228589715,126.83193368505644,549.1120808811353,465.811884074179,198.03945441557266,733.5843137327853,55.78535115943805,875.8384169889199,641.0221574757653,319.6457966069957,962.398518344535,148.91460489546182,1133.1297100560687,877.9082928495228,347.6627408339823,1408.1538448650633,65.96979132572653,1689.846794373319,103.84997150277425,70.28606716321917,137.41387584232933,52.455242982830555,155.24470002271795
2026-12-01,3986.379302065866,2616.202634015158,5356.555970116574,1888.296279113219,6084.462325018512,175.62126528887273,103.07793646572462,248.16459411202084,64.5392930284272,286.70323754931826,226.74918127206843,104.20411201663077,349.29425052750605,39.10204397467953,414.3963185694573,341.50934909765,194.10152336757926,488.9171748277207,115.79111594847919,567.2275822468208,458.9801288810376,172.71936047917194,745.2408972829032,20.643327265680796,897.3169304963944,636.5574181207264,292.9916368123951,980.1231994290578,110.47231549234402,1162.6425207491088,854.6867481653625,287.83040916451296,1421.543087166212,0.0,1722.6855172604132,106.13867478031986,70.25735175144267,142.01999780919704,51.19539889235166,161.08195066828807
2027-01-01,4066.6616287105253,2613.369808607158,5519.9534488138925,1841.3085291772445,6292.0147282438065,176.0389865370805,99.09516692604016,252.9828061481208,58.218762757674995,293.859210316486,223.7566161008537,93.77794189361111,353.7352903080963,24.726771221013507,422.7864609806939,345.8793848708155,189.52977511026873,502.2289946313623,106.46904492497825,585.2897248166528,451.9701678595876,148.34477207264115,755.5955636465341,0.0,916.8965551583494,630.2545224951144,265.8479818749512,994.6610631152777,72.25700717048949,1188.2520378197394,832.9917600725547,231.74981817343314,1434.2337019716763,0.0,1753.6434836055846,108.23915480618328,70.18126455868715,146.29704505367943,49.96301036470482,166.51529924766174
2027-02-01,4128.582288796527,2596.678203323753,5660.4863742693005,1782.854157916342,6474.310419676712,176.12561121416397,95.01970393282447,257.23151849550345,51.93219068961287,300.31903173871507,220.71323228222525,83.70367970093619,357.72278486351433,10.917354892126383,430.50910967232414,350.21554605463103,185.40858668069066,515.0225054285714,97.85488951328483,602.5762025959773,444.49843768711594,124.44916896816818,764.5477064060638,0.0,934.5738804130046,622.0296483156908,237.91142744156303,1006.1478691898185,33.84862260218267,1210.2106740291988,812.7993167132458,179.03466297196348,1446.5639704545283,0.0,1783.2514427545843,110.13690807365862,70.02036936605958,150.25344678125765,48.708458177647614,171.5653579696696
2027-03-01,4179.438851300162,2572.7642919083128,5786.113410692012,1719.2184322313929,6639.659270368931,175.8479654428016,90.78337224726482,260.9125586383384,45.592807112135915,306.1031237734673,217.59154694796365,73.89471591687405,361.2883779790533,0.0,437.6273194643196,353.73550635415654,180.8845091227492,526.5865035855638,89.05741684356406,618.413595864749,436.48121114350477,100.81070626068589,772.1517160263236,0.0,950.4766717453211,612.1000789577273,209.23349016156556,1014.966667753889,0.0,1228.98954305185,794.1543231372931,129.45634663594387,1458.8522996386423,0.0,1811.973099654984,111.84306658512007,69.76848583062984,153.9176473396103,47.41636480480692,176.2697683654332
2027-04-01,4222.4697369601245,2544.3528898646036,5900.586584055645,1652.8533148451083,6792.086159075141,175.1962636638481,86.34919373402381,264.0433335936724,39.14918783380466,311.24333949389154,214.4727032047603,64.38625811983596,364.5591482896847,0.0,444.2925722410507,356.0531288165907,175.51615025070146,536.5901073824799,79.60588038757282,632.5003772456085,428.09821268629764,77.5018047054972,778.6946206670981,0.0,964.9489624068983,600.9987266466424,180.21829800361928,1021.7791552896654,0.0,1245.3187580062713,777.3754746370826,83.12108062998027,1471.6298686441849,0.0,1840.4525154604578,113.37370623320712,69.42823987484486,157.31917259156938,46.08221087196492,180.66520159444931
2027-05-01,4254.678174359253,2508.0387824942263,6001.317566224279,1580.1366055659314,6929.219743152575,174.33133205029623,81.8563697377437,266.80629436284875,32.729046009200175,315.9336180913923,211.5254023835523,55.310477526538335,367.7403272405662,0.0,450.7295060708549,357.48386170689446,169.57501674341566,545.3927066703733,69.74844285656752,645.2192805572214,419.7809024916569,54.86859147736243,784.6932135059513,0.0,978.5528787322953,589.4971065340586,151.53495076057544,1027.4592623075418,0.0,1260.1266575622049,763.1238122571431,40.5209287648687,1485.7266957494176,0.0,1869.6094776046882,114.75289574631446,69.01300417187173,160.4927873207572,44.71368677294903,184.7921047196799
2027-06-01,4274.254032979276,2461.6806750366395,6086.827390921913,1498.7510786296143,7049.7569873289385,173.44086621577588,77.47506254435898,269.4066698871928,26.493229343918756,320.388503087633,208.95440094040123,46.842512116863645,371.0662897639388,0.0,457.18823070144316,358.9304150006695,163.92819090741185,553.9326390939272,60.33325935786871,657.5275706434702,412.12763980190186,33.440238149105255,790.8150414546985,0.0,991.9927235827466,578.456477408306,123.96166924158194,1032.95128557503,0.0,1274.4016524136023,752.3169083996887,2.43645735130292,1502.1973594480746,0.0,1900.5713490675294,116.01302710026422,68.54649837707228,163.47955582345617,43.32990499287655,188.6961492076519
2027-07-01,4284.8215506866145,2408.629878540012,6161.013222833217,1411.9030527121295,7157.7400486610995,172.7242267558883,73.39018277350603,272.0582707382706,20.618971907865443,324.8294816039112,206.9681533369666,39.166406481376555,374.76990019255663,0.0,463.91457820958885,361.2493681271674,159.40288986429195,563.0958463900428,52.1719482871394,670.3267879671953,405.7665438869716,13.78784343081179,797.7452443431314,0.0,1005.9839289604663,568.6461955137416,98.19937449009205,1039.0930165373911,0.0,1289.0178902062053,745.9147296447792,0.0,1522.114738983681,0.0,1934.4709939449726,117.19224322536928,68.0597181852552,166.32476826548336,41.958064257694616,192.42642219304395
2027-08-01,4292.634068847002,2354.9116420425116,6230.356495651492,1325.496602802627,7259.771534891377,172.28013677052937,69.68837728914225,274.8718962519165,15.186505064655364,329.37376847640337,205.72767335583842,32.4227744128483,379.03257229882854,0.0,471.10079986229204,364.72482929582975,156.25868294843406,573.1909756432254,45.51104270138012,683.9386158902794,401.2008499269717,0.0,806.0347109762338,0.0,1021.1026996586542,560.5771279046128,74.70174041106179,1046.4525153981638,0.0,1304.5738150041127,744.6396316970491,0.0,1546.2955542292111,0.0,1972.1752630744222,118.32958441937899,67.58573075605081,169.07343808270718,40.62805849740771,196.03111034135026
2027-09-01,4302.593574198376,2305.235014487602,6299.95213390915,1244.1382796412527,7361.048868755499,172.14866799141043,66.39950282648014,277.8978331563407,10.220258832610938,334.0770771502099,205.30421748205603,26.665616537320375,383.9428184267917,0.0,478.8445751786825,369.1736229165702,154.29163772762476,584.0556081055156,40.135583095997504,698.2116627371429,398.6767299548308,0.0,815.9699224380133,0.0,1037.656930944704,554.393993349849,53.565107468893814,1055.2228792308042,0.0,1321.2882248550613,748.7119794273974,0.0,1575.0399904279157,0.0,2014.026746271941,119.45911958336046,67.15355245716353,171.7646867095574,39.366219921371396,199.55201924534953
2027-10-01,4317.481475909013,2262.216473832951,6372.746477985075,1170.3569414800431,7464.606010337983,172.29152236866133,63.47652913393918,281.1065156033835,5.6685639779930455,338.91448075932965,205.6627769589264,21.845173075769964,389.4803808420828,0.0,487.1334829050097,374.19155219636343,153.07981360125734,595.3032907914695,35.614202472607246,712.7689019201196,398.10826624043017,0.0,827.4994188432286,0.0,1055.6134686634653,549.8549160669469,34.506244104449934,1065.2035880294438,0.0,1338.9825700095203,757.6796355389076,0.0,1607.9641440401817,0.0,2059.6777891814836,120.60463328583288,66.7826487425171,174.42661782914865,38.1897194538806,203.01954711778515
2027-11-01,4339.02386503868,2227.4398052703896,6450.607924806971,1105.6607735184857,7572.386956558874,172.62868050831727,60.83190250346797,284.4254585131666,1.4398641883917946,343.8174968282427,206.66413349177765,17.80949826352193,395.51876872003334,0.0,495.8477936850442,379.3832875186247,152.21257124921001,606.5540037880394,31.528128231083485,727.2384468061659,399.0798080741952,0.0,840.2372803834752,0.0,1074.6021875477802,546.4035396729819,16.93311136346813,1075.8739679824957,0.0,1357.155133021925,770.3951123573963,0.0,1643.9794008095378,0.0,2108.071054049738,121.77632163279819,66.47948910173224,177.07315416386413,37.10304681960346,206.4495964459929
2027-12-01,4368.052319301381,2201.6127853710314,6534.4918532317315,1050.691782970533,7685.41285563223,173.0458147227186,58.344740656873526,287.7468887885637,0.0,348.6818343860439,208.08981861928584,14.329051184157152,401.8505860544145,0.0,504.7859937543266,384.54041764287626,151.4681805227781,617.6126547629744,27.64855455272601,741.4322807330266,400.9261217868826,0.0,853.5441382368097,0.0,1093.9974594758335,543.3149116106289,0.08971409581329226,1086.5401091254444,0.0,1375.1284953051902,785.1552594136458,0.0,1681.4338280872557,0.0,2157.5818176951107,122.97044124449309,66.23708812874132,179.70379436024484,36.097494285998195,209.84338820298797
2028-01-01,4403.692740037981,2183.7528158767054,6623.632664199256,1004.409731166028,7802.975748909934,173.42155444775747,55.887928572217504,290.95518032329744,0.0,353.39491906967805,209.6848863732629,11.139181945031794,408.23059080149403,0.0,513.7079962789918,389.6248605619445,150.79688669377384,628.4528344301152,23.91952557630816,755.3301955475808,402.8708180115489,0.0,866.6662710464184,0.0,1113.0576054711928,539.8774122843862,0.0,1096.5175976606856,0.0,1392.2326961418446,799.9754688311757,0.0,1718.3877054094976,0.0,2206.294206091731,124.1720933168627,66.0377057003718,182.3064809333536,35.15381227911102,213.1903743546144
2028-02-01,4443.14157084932,2170.960618637549,6715.32252306109,963.8644877750462,7922.4186539235925,173.64079751275457,53.341296137876355,293.9402988876328,0.0,357.84940899303683,211.20560490252734,7.9875975883254,414.4236122167293,0.0,522.3831786023991,394.59413989552496,150.1459153411544,639.0423644498956,20.282796046645046,768.9054837444048,404.1887768241775,0.0,878.8985573180843,0.0,1131.0881282054722,535.5642078132316,0.0,1105.3036015157484,0.0,1407.9776544202105,812.9349604528558,0.0,1752.9598537030165,0.0,2252.3480782421643,125.36051249854573,65.85806976438363,184.86295523270783,34.24739706186003,216.47362793523143
2028-03-01,4482.601146841407,2159.353572366658,6805.848721316156,925.1282984269483,8040.073995255866,173.62544677860757,50.62224824036936,296.6286453168458,0.0,361.9740945402848,212.4622279932427,4.6769536194134105,420.247502367072,0.0,530.6334293781688,399.3340235679466,149.39189451885585,649.2761526170373,16.610138461526446,782.0579086743667,404.352545285967,0.0,889.73129341708,0.0,1147.5887533617338,530.1512360603175,0.0,1112.695360996156,0.0,1422.1719273683202,822.5110810597647,0.0,1783.6627670922853,0.0,2294.2746002970616,126.51558344532658,65.67584019208736,187.35532669856582,33.35472658880403,219.67644030184914
2028-04-01,4518.572645700204,2145.357041290941,6891.788250109466,884.5862514485207,8152.559039951887,173.34984040076694,47.701109128898665,298.9985716726352,0.0,365.74946016081526,213.34719764745267,1.0929114799879187,425.6014838149174,0.0,538.3615733413831,403.7243610534927,148.4065174557514,659.042204651234,12.768913044451324,794.6798090625341,403.12737741336565,0.0,898.9455724991044,0.0,1162.3489886384032,523.7534803988937,0.0,1118.8268693670211,0.0,1434.9596072563388,827.8234723109324,0.0,1809.647452052891,0.0,2331.2414412908065,127.62399585638855,65.47572132758205,189.77227038519504,32.45945048415362,222.78854122862347
2028-05-01,4548.684702430826,2126.531668925214,6970.837735936439,839.7628698753574,8257.606534986295,172.84923887095724,44.60953951922335,301.0889382226911,0.0,369.21627850329975,213.84241858639385,0.0,430.4735422651315,0.0,545.5588267194609,407.7309297238979,147.14824678965323,668.3136126581426,8.713696480835779,806.74816296696,400.593364981614,0.0,906.6356912931915,0.0,1175.470677146217,516.7731761379735,0.0,1124.1174105049122,0.0,1446.7690350123485,828.7324167184835,0.0,1830.802319883686,0.0,2363.1519559402,128.68355062335672,65.25373354419649,192.11336770251694,31.556643220892624,225.81045802582082
2028-06-01,4571.98123536223,2101.8601188116154,7042.102351912845,789.608275644101,8354.35419508036,172.2080024846987,41.42865660234611,302.9873483670513,0.0,372.4638758670511,214.00566899499788,0.0,434.9269343728809,0.0,552.2913566048812,411.4705443414291,145.72730730421415,677.2137813786441,4.551212628193696,818.3898760546645,397.0922226436478,0.0,913.1561619569719,0.0,1187.3151297171753,509.7767283504004,0.0,1129.1487488514185,0.0,1458.1901347425842,825.7732250934823,0.0,1847.6880231381624,0.0,2390.5802595993987,129.70461426221485,65.01863925616307,194.39058926826664,30.65421503419806,228.75501349023165
2028-07-01,4588.928709233738,2071.753438590457,7106.10397987702,734.5040760612142,8443.353342406263,171.5366664885944,38.266061593857955,304.80727138333083,0.0,375.60728023365954,213.9410569113203,0.0,439.0707245387068,0.0,558.6708604657558,415.20297901921924,144.39751117038537,686.0084468680532,0.532106375692365,829.8738516627461,393.11563590863204,0.0,919.0102478798327,0.0,1198.391760489533,503.335355055071,0.0,1134.5059980196056,0.0,1469.8154020945144,819.9501089693586,0.0,1861.331699980012,0.0,2414.5656702044216,130.70845430290987,64.79025476536648,196.62665384045326,29.77121126104656,231.64569734477317
2028-08-01,4601.206292094493,2037.840466495873,7164.572117693113,676.0523716466064,8526.360212542379,170.94086131007833,35.224720233926774,306.6570023862299,0.0,378.75620233293535,213.76215613266288,0.0,443.02298792882914,0.0,564.8178048205425,419.2198329030907,143.44504289748818,694.9946229086933,0.0,841.4999800991695,389.1665635057645,0.0,924.711422822977,0.0,1209.2196293352463,497.8730601403869,0.0,1140.625781877926,0.0,1482.0881653009938,812.4476002382307,0.0,1872.9387042693118,0.0,2436.3246032858233,131.72297871049764,64.5951700313875,198.85078738960777,28.933521670610247,234.51243575038504
2028-09-01,4611.193280340806,2002.4546256351055,7219.931935046507,616.5622153227018,8605.824345358911,170.49599582741718,32.37761266212382,308.6143789927105,0.0,381.9897700492726,213.55812436319448,0.0,446.8769850361425,0.0,570.827629768646,423.7111141927211,143.05497549548448,704.3672528899576,0.0,853.4658265728647,385.6307812661461,0.0,930.6550465808624,0.0,1220.1991875293054,493.5623766831211,0.0,1147.6921360288989,0.0,1495.198570681343,804.3362651884498,0.0,1883.598580551236,0.0,2456.9566855877156,132.77704013845823,64.46103640692368,201.09304386999278,28.168159424545962,237.3859208523705
2028-10-01,4621.220356579343,1967.8846482181625,7274.556064940524,558.3000531512853,8684.1406600074,170.23184406745983,29.75229186220929,310.7113962727104,0.0,385.3411583817497,213.37166017318455,0.0,450.6791663662568,0.0,576.7487790313264,428.7007617593954,143.24673468279082,714.154788836,0.0,865.8022407204461,382.6918737799384,0.0,937.0334681264205,0.0,1231.527440122989,490.2944526427682,0.0,1155.6067273097215,0.0,1509.0538732265404,796.3476047125554,0.0,1894.0601850337534,0.0,2477.2199933293896,133.8947869431834,64.41090367781838,203.37867020854839,27.497590693093215,240.29198319327355
2028-11-01,4632.850653328847,1935.6551850742112,7330.046121583484,502.7700925639365,8762.931214093758,170.13219992126665,27.33051433114261,312.9338855113907,0.0,388.79728098114407,213.19401104876715,0.0,454.4242211084268,0.0,582.577770202621,434.06415349406933,143.89155837168494,724.2367486164537,0.0,878.3909397752204,380.31010388155914,0.0,943.8149899857996,0.0,1243.1769607286772,487.7293591335748,0.0,1164.0392759492797,0.0,1523.328919257623,788.7715521347251,0.0,1904.629371316274,0.0,2497.428837756472,135.09146988767364,64.45901487283857,205.7239249025087,26.935523146207444,243.24741662913982
2028-12-01,4646.453337185476,1906.1000010840594,7386.806673286892,450.2872912801822,8842.619383090769,170.14718560474412,25.060527958447892,315.23384325104035,0.0,392.3111301256352,212.97737518537585,0.0,458.0675136962511,0.0,588.2716497801537,439.6013444607061,144.78569300056466,734.4169959208475,0.0,891.0378107590477,378.26768874087855,0.0,950.78922554461,0.0,1254.9412919715921,485.41062585022354,0.0,1172.5421884668863,0.0,1537.5808311069884,781.494983391624,0.0,1915.2076613933232,0.0,2517.4925215817257,136.37167438099064,64.60902832323626,208.13432043874502,26.485122605054244,246.25822615692704
2029-01-01,4661.174134690329,1878.3321665953063,7444.016102785352,399.94737104482556,8922.400898335833,170.2145397041436,22.87834236429609,317.5507370439911,0.0,395.82309188078506,212.66013178237304,0.0,461.55034401486023,0.0,593.7732692633691,445.1296723885741,145.74296304482925,744.5163817323189,0.0,903.5655710711833,376.26485956432066,0.0,957.66322862366,0.0,1266.5311121864338,482.9108177402057,0.0,1180.6962182071165,0.0,1551.3947122051627,774.1607371868017,0.0,1925.451404175362,0.0,2537.074571013035,137.73026741801675,64.85495584408001,210.6055789919535,26.13994657042612,249.3205882656074
2029-02-01,4675.263353150459,1850.5717890854899,7499.9549172154275,349.9543956759753,9000.572310624942,170.28287799685947,20.730974410982583,319.83478158273635,0.0,399.2842303627334,212.19683030840778,0.0,464.8299625278082,0.0,599.0413140193647,450.54857155640354,146.65955379254234,754.4375893202648,0.0,915.8786300073159,374.0375407906297,0.0,964.179233086313,0.0,1277.6920071183947,479.96699322782433,0.0,1188.2459960688782,0.0,1564.5192163281881,766.3942801846296,0.0,1934.9985603103464,0.0,2555.8195841271336,139.15561237228383,65.18436995479979,213.12685478976786,25.88714742051141,252.42407732405624
2029-03-01,4686.652716680178,1820.722598060986,7552.58283529937,298.19722254454064,9075.108210815815,170.33099513032226,18.595736585209096,322.0662536754354,0.0,402.6756097775268,211.5836637331787,0.0,467.9050659703652,0.0,604.0758109088704,455.85621172537765,147.53062325874924,764.181800192006,0.0,927.9797690649024,371.4621067882947,0.0,970.2194620052192,0.0,1288.3093069642105,476.5681324077334,0.0,1195.1875216718056,0.0,1576.954072218344,758.0278939122769,0.0,1943.6929929859261,0.0,2573.5775768688018,140.63401096497248,65.58283927142716,215.6851826585178,25.711904309231215,255.55611762071374
2029-04-01,4693.634140566497,1787.0505003597627,7600.217780773231,242.9279414999355,9144.340339633058,170.37756824414626,16.48992902206561,324.2652074662269,0.0,406.0180158029573,210.87150460976358,0.0,470.82885302424876,0.0,608.931194369444,461.1345963091693,148.43537678807576,773.8338158302629,0.0,939.9552762008439,368.61677539553267,0.0,975.8675669694255,0.0,1298.4695499930563,472.9700731435304,0.0,1201.783154383857,0.0,1588.9651037927802,749.254479299982,0.0,1951.7383630982251,0.0,2590.557926366042,142.15403606102964,66.03825556603738,218.2698165560219,25.601747178072728,258.70632494398654
2029-05-01,4695.461581710475,1748.7852387392536,7642.137924681696,183.3634315357922,9207.559731885158,170.47874561277746,14.468417990090302,326.4890732354646,0.0,409.36955978501715,210.16212590856702,0.0,473.705262310452,0.0,613.7125535239534,466.4059919238406,149.3934759644397,783.4185078832415,0.0,951.8314069866732,365.78153858072324,0.0,981.4085988273249,0.0,1308.460474583332,469.6334113306937,0.0,1208.4995616906688,0.0,1601.0222040694055,740.6638635007124,0.0,1959.7345154432842,0.0,2607.3657992877756,143.70949494176452,66.54379201520734,220.8751978683217,25.549512335473835,261.8694775480552
2029-06-01,4692.700970233386,1706.4701548182302,7678.931785648542,120.0350341289286,9265.366906337844,170.7139097920542,12.60939010798225,328.8184294761262,0.0,412.81145555828937,209.58796665515013,0.0,476.66875311197305,0.0,618.5554209171602,471.851818401014,150.58391047879752,793.1197263232305,0.0,963.793302406908,363.37568243358027,0.0,987.266562915597,0.0,1318.7085931716686,467.10079586042093,0.0,1215.8850564512265,0.0,1613.676694890092,733.1479797727168,0.0,1968.5827283777849,0.0,2624.9074385742274,145.30018307603666,67.09865255432946,223.50171359774384,25.554089464672515,265.0462766874008
2029-07-01,4687.218519302999,1661.9503500915675,7712.486688514431,54.77663519799444,9319.660403408005,171.1633698165397,10.992036663181608,331.33470296989776,0.0,416.4257237076193,209.28043605610733,0.0,479.85262280900986,0.0,623.5940970214892,477.65009223034497,152.18242556201653,803.1177588986734,0.0,976.0224568162229,361.8492390139247,0.0,993.8959019980588,0.0,1329.67069170838,465.8464514287085,0.0,1224.4191570207763,0.0,1627.4109068665625,727.6982759065111,0.0,1979.2831838109046,0.0,2644.1876661351134,146.93023385065928,67.70641771103284,226.15404999028573,25.61876538685631,268.24170231446226
2029-08-01,4681.804487013147,1617.9963160675993,7745.612657958694,0.0,9373.260748773517,171.8838460055516,9.672031442872594,334.0956605682306,0.0,420.27068705465376,209.3350342549725,0.0,483.35413941755064,0.0,628.9267890351703,483.9191708042742,154.30525205639344,813.5330895521549,0.0,988.6404838869666,361.5574884289417,0.0,1001.6560258668372,0.0,1341.7083738807191,466.13825386172255,0.0,1234.374695609978,0.0,1642.5003052887387,725.1491659299148,0.0,1992.6784734124794,0.0,2666.053418012592,148.60456211846824,68.37148470327018,228.83763953366628,25.747662326446232,271.46146191049024
2029-09-01,4679.533059851005,1577.6637007287486,7781.402418973263,0.0,9429.27051600696,172.88852073215892,8.661575308121144,337.1154661561967,0.0,424.3610309127167,209.78262167529928,0.0,487.2058213972268,0.0,634.5868962495009,490.6779780908398,156.96931950053164,824.386636681148,0.0,1001.6693615572492,362.65249934353415,0.0,1010.702876298047,0.0,1354.9796390551319,467.94935166571395,0.0,1245.7294691737222,0.0,1658.9251565998516,725.937112735679,0.0,2009.2127296474982,0.0,2690.952901131902,150.3244503170243,69.0946504939237,231.55425014012488,25.94131933790152,274.70758129614705
2029-10-01,4683.026993194593,1543.557844792217,7822.496141596969,0.0,9490.339126685732,174.1372052725307,7.919557524456735,340.35485302060465,0.0,428.65797838676895,210.57471772600906,0.0,491.3607456793334,0.0,640.528323029537,497.83045069105214,160.07669097259804,835.5842104095062,0.0,1015.015895259935,365.021418728473,0.0,1020.9272385773592,0.0,1369.37720537208,470.94316873108187,0.0,1258.1512682521184,0.0,1676.3555711226688,729.9418741303328,0.0,2028.7729149488032,0.0,2718.7769053836155,152.08358703340926,69.86914762591331,234.2980264409052,26.192726690681113,277.9744473761374
2029-11-01,4693.817114912289,1517.193192179358,7870.44103764522,0.0,9558.02249659709,175.5395946847623,7.354805709969099,343.72438365955554,0.0,433.0725528024144,211.5871531293387,0.0,495.6962083240958,0.0,646.6291438963104,505.1787190805956,163.42773431279772,846.9297038483935,0.0,1028.484914506286,368.2890105376894,0.0,1031.957299634278,0.0,1384.5310782168403,474.5362353418684,0.0,1271.0607313319617,0.0,1694.2143698266987,736.4554958142407,0.0,2050.6578532260555,0.0,2748.827855601083,153.86577032483498,70.67834510397212,237.05319554569786,26.485025455388737,281.24651519428124
2029-12-01,4711.961727714344,1498.6126089306454,7925.310846498043,0.0,9632.402565851884,176.9710623743042,6.841875983230636,347.1002487653778,0.0,437.4813790356356,212.64169245260825,0.0,500.03535451478746,0.0,652.7132374853202,512.4619861846973,166.75999172188256,858.163980647512,0.0,1041.8181652058822,371.88511309319483,0.0,1043.2261228588327,0.0,1399.8760342968276,478.02288978931966,0.0,1283.756067381643,0.0,1711.801817977565,744.2914927787148,0.0,2073.6874457814133,0.0,2779.9290458140968,155.64505977216015,71.4958982631797,239.7942212811406,26.791656211533848,284.49846333278646
2030-01-01,4736.024556170671,1486.365255275146,7985.683857066195,0.0,9712.065360666944,178.29717038489778,6.245559286130174,350.3487814836654,0.0,441.7511998798857,213.54063655682614,0.0,504.18178770951914,0.0,658.5848992593874,519.4113652393505,169.8030095592033,869.0197209194978,0.0,1054.749159874576,375.1607443050692,0.0,1054.08776897996,0.0,1414.7677508384954,480.72988895038594,0.0,1295.5676852226093,0.0,1728.450264492228,752.0102180581755,0.0,2096.4280710685907,0.0,2810.6500554803733,157.38851834367662,72.28848867004895,242.4885480173043,27.079097905934248,287.697938781419
2030-02-01,4763.416622915853,1477.8483943432652,8048.98485148844,0.0,9794.442972917626,179.4007882972602,5.447996709213271,353.3535798853071,0.0,445.7660004164571,214.10612192733322,0.0,507.9588750082173,0.0,664.068150082437,525.806855642524,172.33530693289356,879.2784043521546,0.0,1067.060164604146,377.52401971233024,0.0,1063.9532282070247,0.0,1428.6187452198312,482.16154422430265,0.0,1306.0033463893324,0.0,1743.6693037895043,758.2063545341525,0.0,2117.48010441911,0.0,2839.5942840454936,159.06100017780113,73.0206101377732,245.10139021782908,27.311652929008375,290.8103474265939
2030-03-01,4791.012025777957,1469.9231083723384,8112.1009431835755,0.0,9876.42943055531,180.20511749534893,4.371700532396687,356.03853445830117,0.0,449.45003721986956,214.2147070599186,0.0,511.2443389875557,0.0,669.0413309491129,531.5222175856544,174.22924377705425,888.8151913942545,0.0,1078.6270837300733,378.56213461389194,0.0,1072.4124150890143,0.0,1441.020376591423,482.0990088136788,0.0,1314.8474676866294,0.0,1757.2450864628845,761.7886657479021,0.0,2135.757694059492,0.0,2865.6787403500243,160.63089557459614,73.66031212232782,247.60147902686447,27.457189663310288,293.804601485882
2030-04-01,4815.877159409328,1459.6434652182866,8172.1108536003685,0.0,9955.11000363936,180.68704659794125,2.9929067382926746,358.3811864575898,0.0,452.7811982580281,213.81914516904635,0.0,513.992035338895,0.0,673.4588832416271,536.5468169508017,175.47285981902326,897.6207740825802,0.0,1089.4413138088375,378.1196047710456,0.0,1079.3124207326464,0.0,1451.821104212247,480.62984197467193,0.0,1322.190699260718,0.0,1769.2699046939301,762.1846221030146,0.0,2150.693410117219,0.0,2888.338703749765,162.07548317311105,74.18455045638655,249.96641588983556,27.492492450626656,296.6584738955954
2030-05-01,4835.92659106174,1444.9123441538827,8226.940837969596,0.0,10028.417156639396,180.87784068933541,1.3422615969079743,360.41341978176285,0.0,455.7916961746149,212.9526114413982,0.0,516.236184591631,0.0,677.355582827692,540.9796259582444,176.16386985030192,905.7953820661868,0.0,1099.6037524985313,376.31460636831645,0.0,1084.773863204525,0.0,1461.1428433987608,478.10252171072216,0.0,1328.3844498244362,0.0,1780.096724134847,759.422411994826,0.0,2162.3202764261096,0.0,2907.6097669052288,163.3846283412683,74.58288443044398,252.1863722520926,27.406957977818564,299.362298704718
2030-06-01,4850.342134150543,1424.9004640237722,8275.783804277313,0.0,10095.54969153216,180.85144964244108,0.0,362.20977170031136,0.0,458.5563802935549,211.71516817020665,0.0,518.0778413088008,0.0,680.8330114136788,544.9978278473561,176.4782635221793,913.5173921725329,0.0,1109.2934107202832,373.49142905518727,0.0,1089.1433500598514,0.0,1469.333433093579,475.02017336007407,0.0,1333.9346266309026,0.0,1790.23292993103,754.0746965936823,0.0,2171.215544095806,0.0,2924.0716193313087,164.56197975543972,74.85867218324675,254.26528732763268,27.203790035519233,301.92016947536024
2030-07-01,4859.656984767858,1400.130478416202,8319.183491119515,0.0,10157.056947618832,180.70386625818094,0.0,363.86679318183303,0.0,461.17209811002317,210.2467109625312,0.0,519.6578439918351,0.0,684.0325084136527,548.8089513522347,176.6224353737182,920.9954673307511,0.0,1118.719553944338,370.12342877231464,0.0,1092.896439805806,0.0,1476.8696019173483,471.9032287274581,0.0,1339.3643049713878,0.0,1800.2030017259751,747.0837362012188,0.0,2178.3258349714506,0.0,2938.6731999431363,165.6234414080071,75.02754162672956,256.21934118928465,26.898469867925883,304.3484129480883
2030-08-01,4865.496271899603,1372.2174881695505,8358.775055629656,0.0,10214.579409486247,180.52913749121603,0.0,365.4790621163211,0.0,463.73370957340813,208.6938771828806,0.0,521.1237268969085,0.0,687.1020845574858,552.5994567445941,176.78176681763654,928.4171466715518,0.0,1128.070294445248,366.69312608186465,0.0,1096.5177481104536,0.0,1484.2370785631415,469.15801139430073,0.0,1345.0823229412672,0.0,1810.417113450593,739.5168967248653,0.0,2184.722663709414,0.0,2952.4882274199554,166.59336882167932,75.11358567279385,258.0731519705648,26.514950874948454,306.6717867684102
2030-09-01,4870.055391546854,1343.3473410318506,8396.763442061856,0.0,10270.327093897951,180.39829530909284,0.0,367.11811599887653,0.0,466.3130207403241,207.17959060182142,0.0,522.5992677657272,0.0,690.1659712590522,556.4931985405851,177.07908513961632,935.9073119415539,0.0,1137.4710596858185,363.58108539644064,0.0,1100.3898342315276,0.0,1491.8194820501674,466.98557300422397,0.0,1351.292126366675,0.0,1821.079982840477,732.3174350474251,0.0,2191.353237404098,0.0,2966.46600740608,167.4994803140583,75.14427259540858,259.85468803270805,26.080568494875905,308.9183921332407
2030-10-01,4875.464285294951,1315.640878681057,8435.287691908845,0.0,10326.443876672476,180.34647069617876,0.0,368.8195676039812,0.0,468.9459003362512,205.78279683300337,0.0,524.1642260842005,0.0,693.304360373899,560.53013275217,177.5533673555579,943.506898148782,0.0,1146.9633047657321,360.99175381073684,0.0,1104.7190464393452,0.0,1499.8241706482931,465.3533705987753,0.0,1357.9634540509667,0.0,1832.162560884943,726.1139569607441,0.0,2198.849926573682,0.0,2981.240910430555,168.36774793542838,75.14533614221864,261.5901597286381,25.62092987707598,311.1145659937808
2030-11-01,4883.211855587277,1290.578323067578,8475.845388106976,0.0,10384.431952258064,180.3710880652231,0.0,370.5813009288094,0.0,471.6304765125896,204.53286361813497,0.0,525.8487459549525,0.0,696.5478084463869,564.6698981413601,178.16331835330539,951.1764779294149,0.0,1156.508098441819,358.93361908253644,0.0,1109.5156860421946,0.0,1508.262409114513,464.03486202370374,0.0,1364.8719404353767,0.0,1843.4416383415778,721.1338115822325,0.0,2207.443671545807,0.0,2997.0457846514564,169.21847252265343,75.13684983080887,263.300095214498,25.155987775766476,313.2809572695404
2030-12-01,4893.783656132507,1268.6369402472333,8518.93037201778,0.0,10444.78956483183,180.4409567441957,0.0,372.3725640870295,0.0,474.3362304879099,203.41894405164956,0.0,527.6427216987247,0.0,699.8866035737334,568.8180596125337,178.81361142601844,958.8225077990489,0.0,1166.0123708981353,357.25588661060306,0.0,1114.6306899161964,0.0,1516.9860541722926,462.70357816344955,0.0,1371.6931944968976,0.0,1854.5939281740418,717.2360996129908,0.0,2216.997001709762,0.0,3013.7449809486716,170.06437687255988,75.13131942617598,264.99743431894376,24.698132657784527,315.4306210873352
2031-01-01,4906.604370400103,1249.2334944288673,8563.97524637134,0.0,10506.953524231058,180.51312007183725,0.0,374.15081969873495,0.0,477.02084762552437,202.4104709935183,0.0,529.5162944537443,0.0,703.2912631669894,572.8667042930922,179.39548172265228,966.3379268635322,0.0,1175.3695138540784,355.728501217358,0.0,1119.835657395691,0.0,1525.7675841154303,461.05367495766455,0.0,1378.123357894997,0.0,1865.316626955455,714.0470506987036,0.0,2227.139422991718,0.0,3030.969745772382,170.91097567166887,75.13405223023514,266.6878991131026,24.25256165197348,317.5693896913642
2031-02-01,4920.291647498314,1230.9780613265689,8609.60523367006,0.0,10569.553076323798,180.55227884593418,0.0,375.8811695313358,0.0,479.6496427079554,201.48197599267567,0.0,531.4446731137973,0.0,706.7373559593932,576.7373461068266,179.82962839793015,973.6450638157231,0.0,1184.5022888485742,354.14086615842365,0.0,1124.9215739889275,0.0,1534.3988250238829,458.9122105543803,0.0,1383.991387773028,0.0,1875.4397006704344,711.1531341637575,0.0,2237.4605379079976,0.0,3048.3113461471253,171.7588581711886,75.14543916692145,268.37227717545574,23.819560320904543,319.69815602147264
2031-03-01,4933.142709935218,1212.1606151354813,8654.124804734955,0.0,10630.896542597315,180.54701053981242,0.0,377.5525748165163,0.0,482.2117808385152,200.63438672525493,0.0,533.4294336254417,0.0,710.226802291166,580.4136861141908,180.09897271647742,980.7283995119042,0.0,1193.3955910044392,352.39004652421045,0.0,1129.7870191221527,0.0,1542.7791608148098,456.31113108739765,0.0,1389.3310477474229,0.0,1884.997878473061,708.29264567888,0.0,2247.701640831781,0.0,3065.5126695067593,172.60701684071304,75.16428289157801,270.0497507898481,23.397830481100016,321.8162032003261
2031-04-01,4943.712548780153,1191.3292044869486,8696.095893073358,0.0,10689.549544729123,180.5179953160294,0.0,379.186083280794,0.0,484.7285050120752,199.90610228175387,0.0,535.509595992934,0.0,713.7989520269983,583.954753779019,180.26179725326818,987.6477103047698,0.0,1202.1095934590749,350.53270147219246,0.0,1134.490102384512,0.0,1550.9674716191819,453.4983190732344,0.0,1394.3919611205336,0.0,1894.2417084581614,705.4883643799989,0.0,2257.8883830578025,0.0,3082.6008929803857,173.45610440206502,75.19105432183689,271.7211544822932,22.98774646671569,323.92446233741435
2031-05-01,4951.31893182699,1167.794942840284,8734.842920813695,0.0,10744.840039962883,180.51574588296796,0.0,380.83255994301726,0.0,487.25086741241836,199.37013415082697,0.0,537.758766851458,0.0,717.5277279736681,587.4844722939638,180.4413093071497,994.5276352807779,0.0,1210.7693156175228,348.78542086322307,0.0,1139.2488038772326,0.0,1559.182476103425,450.8839024821357,0.0,1399.5859244077674,0.0,1903.583873555759,703.0814350843201,0.0,2268.3646623706873,0.0,3099.9213768665695,174.31056498401875,75.23002332695286,273.39110664108466,22.59348557163659,326.0276443964009
2031-06-01,4956.330715560553,1141.9203039835957,8770.74112713751,0.0,10797.146658287767,180.60828680449305,0.0,382.56036729578506,0.0,489.84741005678393,199.11759997627354,0.0,540.2686346967548,0.0,721.5051218920105,591.1602345572327,180.79421510615958,1001.5262540083058,0.0,1219.5332018416884,347.4726453927662,0.0,1144.3888977848894,0.0,1567.7506568682047,448.9357592006192,0.0,1405.3824159288092,0.0,1913.49470231566,701.6549319544506,0.0,2279.7161935210625,0.0,3118.0612387283245,175.17893958410374,75.28956375841645,275.068315409791,22.223332851020075,328.1345463171874
2031-07-01,4960.155847647726,1115.107109249796,8805.204586045656,0.0,10847.886728319556,180.86203800104653,0.0,384.4362496152738,0.0,492.5850495353321,199.23177278941796,0.0,543.1230204836673,0.0,725.8152458212373,595.1288755517054,181.46669054330164,1008.7910605601091,0.0,1228.5490963458237,346.9359707596317,0.0,1150.2532597354507,0.0,1577.0155695038543,448.0520181679699,0.0,1412.1811007742785,0.0,1924.3746759088801,701.8668208032059,0.0,2292.603476849827,0.0,3137.6823253745947,176.07219064158517,75.38047762291997,276.7639036602504,21.888005081754102,330.25637620141623
2031-08-01,4964.927478091837,1089.4826244828569,8840.372331700817,0.0,10899.202410180587,181.3210715409608,0.0,386.504590503735,0.0,495.50833495270876,199.75966024053434,0.0,546.3694581265146,0.0,730.5059132534416,599.4819322584921,182.54963956370068,1016.4142249532835,0.0,1237.9095054473914,347.42943802340415,0.0,1157.097160121928,0.0,1587.233137486769,448.44468258767046,0.0,1420.1954575747725,0.0,1936.4380567866704,704.2377761707592,0.0,2307.5496212350836,0.0,3159.309038925506,177.000474624795,75.51276729813864,278.48818195145134,21.59742278085244,332.4035264687376
2031-09-01,4972.968550114757,1067.3641377256654,8878.572962503848,0.0,10953.425306585552,181.9904238904046,0.0,388.7707258380032,0.0,498.6227612476649,200.6889733012206,0.0,549.9961643815254,0.0,735.5656096429373,604.2223751225662,184.0454242107586,1024.3993260343736,0.0,1247.6183312062715,349.02952381808575,0.0,1164.9982570725933,0.0,1598.4816466140505,450.06566499549945,0.0,1429.3788168773597,0.0,1949.6389288145979,708.9526218456367,0.0,2324.741790071723,0.0,3183.1297856918313,177.96925566665465,75.6917488227308,280.2467625105785,21.356823311896278,334.581688021413
2031-10-01,4986.175198019273,1050.6423447982556,8921.70805124029,0.0,11012.459879513955,182.8281305978382,0.0,391.1929791043293,0.0,501.88680487340264,201.9371108728918,0.0,553.9210245539932,0.0,740.9124786970784,609.2520244892276,185.85527974105167,1032.6487692374035,0.0,1257.5782898848718,351.58491523391285,0.0,1173.8063738992284,0.0,1610.6115238151774,452.59537100458647,0.0,1439.412947970833,0.0,1963.6597857341517,715.7315464619937,0.0,2343.902421950783,0.0,3208.8681995542015,178.97587202003123,75.91461803000489,282.0371260100576,21.163326847803404,336.7884171922591
2031-11-01,5005.481449547698,1040.2460402068123,8970.716858888583,0.0,11077.248170100927,183.74838920696618,0.0,393.68582491752716,0.0,505.2150876387626,203.3557724635968,0.0,557.9962061991166,0.0,746.3989366211115,614.3834508318301,187.79121362027428,1040.975688043386,0.0,1267.6028140620251,354.72081230596274,0.0,1183.1478039778135,0.0,1623.249643303484,455.4975447500354,0.0,1449.7629072012699,0.0,1977.966381003488,723.8094916791281,0.0,2364.268623575778,0.0,3235.7625373958726,180.00758219184934,76.168496382196,283.8466680015027,21.00398204581768,339.011182337881
2031-12-01,5030.546570197055,1035.8294507755068,9025.263689618603,0.0,11147.457159311301,184.63535987473665,0.0,396.1336902045972,0.0,508.49217819233564,204.75082411731563,0.0,562.028026006787,0.0,751.8315395105685,619.3737598966617,189.6097895187708,1049.1377302745525,0.0,1277.449839537807,357.89825206511114,0.0,1192.4846370314763,0.0,1635.8586540448578,458.1268062137632,0.0,1459.7845779756735,0.0,1991.9152692241883,732.0340455416381,0.0,2384.690067542675,0.0,3262.663579230725,181.041752757836,76.43061850544213,285.6528870102299,20.855953433857877,341.2275520818141
2032-01-01,5059.747940382415,1035.765102830991,9083.73077793384,0.0,11221.471660383035,185.36435502558652,0.0,398.41214438729696,0.0,511.5937824857057,205.91314292584974,0.0,565.8077952059615,0.0,757.0018292297709,623.971988655593,191.0595221906308,1056.8844551205552,0.0,1286.8692029300664,360.51460773292115,0.0,1201.2152604101861,0.0,1647.837482144983,459.86175486667867,0.0,1468.857776906303,0.0,2004.8869136148533,739.0613250715637,0.0,2403.8248790603793,0.0,3288.2305171169373,182.04830348179712,76.67077704774096,287.4258299158533,20.688966129648634,343.4076408339456
2032-02-01,5090.4825049413785,1037.4452623765842,9143.519747506172,0.0,11296.695782618719,185.82527739830684,0.0,400.41133792299394,0.0,514.410182576734,206.65337927676416,0.0,569.1465826470826,0.0,761.7210969375642,627.9683787653329,191.93014992916147,1064.0066076015044,0.0,1295.6519166707203,362.0207829079749,0.0,1208.7915552263944,0.0,1658.6385280205545,460.2302245502339,0.0,1476.5115110317554,0.0,2016.4109444750638,743.6038929008084,0.0,2420.387556443202,0.0,3311.1788777000993,182.99394353483723,76.85555865383371,289.13232841584073,20.469541685800607,345.51834538387385
2032-03-01,5119.69995116764,1037.8151043932912,9201.584797941989,0.0,11370.08612279086,185.94263005745148,0.0,402.05601277841487,0.0,516.8662473489267,206.83262466602824,0.0,571.9058833957353,0.0,765.8510520958921,631.2334385261735,192.091695586159,1070.375181466188,0.0,1303.6692324030705,362.0264644923,0.0,1214.8241511058873,0.0,1667.8729221193553,458.99581693209666,0.0,1482.5105134622868,0.0,2026.25269599395,744.6713954112038,0.0,2433.3896128636698,0.0,3330.521165885292,183.84726962329643,76.95344186445965,290.7410973821332,20.16609586757761,347.52844337901524
2032-04-01,5144.531966316675,1034.0019621645506,9255.0619704688,0.0,11438.781035174616,185.68736716912525,0.0,403.31735363856956,0.0,518.9332839504618,206.38208479927155,0.0,574.0172925655844,0.0,769.3234966914381,633.7375057150432,191.51402852483102,1075.9609829052554,0.0,1310.8922051625555,360.36814071147745,0.0,1219.1504459170744,0.0,1675.3785455575478,456.1854184328613,0.0,1486.8827623578552,0.0,2034.4407263180083,741.7467330944519,0.0,2442.315750097,0.0,3345.743040379604,184.58357408018273,76.93960499355117,292.22754316681426,19.753746416278176,349.4134017440873
2032-05-01,5162.859438235898,1023.8825202350636,9301.836356236732,0.0,11500.667843924675,185.07801195689296,0.0,404.2141062688146,0.0,520.6301563720231,205.3077143295747,0.0,575.4871407422706,0.0,772.1449610240154,635.5466989712129,190.26281518019755,1080.8305827622282,0.0,1317.387646026205,357.12445501817706,0.0,1221.8499612772398,0.0,1681.235386477367,452.0531034058126,0.0,1489.8833860314392,0.0,2041.2307236763031,734.8574421175662,0.0,2447.1952432602593,0.0,3356.874700117315,185.18828508648107,76.7993661486509,293.57720402431124,19.217752962928643,351.1588172100335
2032-06-01,5173.678696189743,1006.4490480358882,9340.9083443436,0.0,11554.749094925333,184.17125275637414,0.0,404.8031739506482,0.0,522.0138820851064,203.67959745625134,0.0,576.3858752261395,0.0,774.3860852913926,636.7972942383618,188.47389472655982,1085.1206937501638,0.0,1323.2924997408086,352.57716447593685,0.0,1223.2053024405595,0.0,1685.726500734265,446.9924158194932,0.0,1491.9069464369682,0.0,2047.0177908275018,724.5289592303394,0.0,2448.555208698536,0.0,3364.4441537285147,185.65830980327792,76.52952617448753,294.78709343206833,18.554859871692628,352.7617597348632
2032-07-01,5177.183113059014,981.8909953202128,9372.475230797816,0.0,11601.224168346555,183.04489695557658,0.0,405.1625717801373,0.0,523.1625865306851,201.6096406476839,0.0,576.8257533599948,0.0,776.15931323841,637.6560480142074,186.31360159948423,1088.9984944289306,0.0,1328.7741690867522,347.1298395770224,0.0,1223.6208595290236,0.0,1689.2567138785244,441.4221022556126,0.0,1493.3731738631702,0.0,2052.222180654685,711.6363335346639,0.0,2447.27231855242,0.0,3369.328935593103,186.0010798868247,76.13741399091904,295.8647457827303,17.772341483719174,354.2298182899302
2032-08-01,5174.552423205554,951.3843036689732,9397.720542742136,0.0,11641.278606245942,181.77791558148823,0.0,405.37147159118683,0.0,524.1555482213391,199.2238922648692,0.0,576.9331627213807,0.0,777.5912126514023,638.2773751130148,183.9359425741855,1092.6188076518442,0.0,1333.9876936880974,341.20682998153444,0.0,1223.5217746000944,0.0,1692.2515889287042,435.67654011469693,0.0,1494.6173967337245,0.0,2057.179726812583,697.1958576816211,0.0,2444.3644345859043,0.0,3372.5477410663043,186.23166710895512,75.63800204682325,296.825332171087,16.885117482565676,355.57821673534454
2032-09-01,5167.518488139723,916.6571661746138,9418.37981010483,0.0,11676.649887398795,180.43287562855792,0.0,405.49263460082545,0.0,525.0556315548425,196.63682179208695,0.0,576.8229008884192,0.0,778.7967554083457,638.7687192850183,181.44796674120033,1096.0894718288362,0.0,1339.0411216177395,335.15925621489606,0.0,1223.2599345943272,0.0,1695.0634199834,429.9298548947838,0.0,1495.8146603863481,0.0,2062.0659633037417,682.1515818189803,0.0,2440.7771246094053,0.0,3375.0469442168187,186.36879585490368,75.04991866121814,297.6876730485892,15.911765152072718,356.8258265577347
2032-10-01,5157.83273239505,879.4574576806199,9436.208007109479,0.0,11709.09487180152,179.0452097496622,0.0,405.5616813985206,0.0,525.8985569619766,193.93395245361404,0.0,576.5808085605147,0.0,779.8619508673055,639.1728727770972,178.89208446082137,1099.4536610933728,0.0,1343.9778298863944,329.20187430984566,0.0,1223.050837154665,0.0,1697.908098665975,424.1728004754864,0.0,1496.956608769842,0.0,2066.8730069262183,667.2104392741928,0.0,2437.2187904940674,0.0,3377.5357270796258,186.4308116185963,74.39141637098408,298.4702068662085,14.870487645690105,357.9911355915025
2032-11-01,5146.78244896787,841.0690349101496,9452.49586302559,0.0,11739.906114243753,177.62176739476652,0.0,405.58564336602865,0.0,526.6914524757617,191.16664207490507,0.0,576.2585508945368,0.0,780.8386274549662,639.471149856119,176.24924031506475,1102.6930593971733,0.0,1348.7796988408584,323.39551574612165,0.0,1222.956031675713,0.0,1700.847555763308,418.2466669923086,0.0,1497.8853936501155,0.0,2071.4434671870754,652.7644043490775,0.0,2434.0828281636627,0.0,3380.4082408151608,186.43261465116177,73.6773054402936,299.18792386202995,13.776047422019872,359.08918188030367
2032-12-01,5134.8854244159365,802.0063565552364,9467.764492276638,0.0,11769.606497077633,176.14848523750283,0.0,405.55063336919295,0.0,527.4205245641533,188.35928060516062,0.0,575.880815475418,0.0,781.7516308752422,639.6055351394286,173.46106089923234,1105.750009379625,0.0,1353.389261319729,317.676986195983,0.0,1222.9130190958372,0.0,1703.8196615738848,411.9228216604137,0.0,1498.373216690045,0.0,2075.549989049536,638.9130924907679,0.0,2431.4702298379875,0.0,3383.766209053698,186.38425566706027,72.91754943555674,299.8509618985638,12.638361750070487,360.13014958405006
2033-01-01,5121.840304838791,761.9648445286884,9481.715765148892,0.0,11797.899603438635,174.60451571948656,0.0,405.43597455260755,0.0,528.065187057703,185.52568473530212,0.0,575.4617073570299,0.0,782.6152193748227,639.5127730830578,170.46394380141749,1108.561602364698,0.0,1357.7437929205696,311.9253055710488,0.0,1222.801492931888,0.0,1706.704467467334,405.0041829761762,0.0,1498.223804836666,0.0,2078.996728950051,625.5723742909965,0.0,2429.2981999883614,0.0,3387.5275448900857,186.29140508339924,72.11773434091083,300.46507582588765,11.462971758963874,361.1198384078346
2033-02-01,5106.738313086283,720.0325967060462,9493.444029466518,0.0,11823.88144129352,172.97842844140325,0.0,405.2304019671835,0.0,528.6142629027543,182.68895878078231,0.0,575.0246103444722,0.0,783.4529252376824,639.1602103728648,167.2248995131181,1111.0955212326114,0.0,1361.8111551268519,306.0434712719666,0.0,1222.5251034620355,0.0,1709.4059705630093,397.4192241947209,0.0,1497.3664149186861,0.0,2081.7133599907925,612.6314111990125,0.0,2427.457192898408,0.0,3391.5833894262114,186.1573820412844,71.2810974626039,301.0336666199649,10.253071280179881,362.0616928023889
2033-03-01,5088.469888124029,675.0970220688778,9501.84275417918,0.0,11846.44708927098,171.28159998087617,0.0,404.94545261155736,0.0,529.0793743216067,179.89821703512803,0.0,574.6189097252346,0.0,784.3142777168538,638.5728634501671,163.76861850063625,1113.377108399698,0.0,1365.6168635291363,300.031071586255,0.0,1222.0840720057133,0.0,1711.9247284785506,389.2814341753628,0.0,1495.9152955506115,0.0,2083.8145344062123,600.1081583902898,0.0,2425.9664172795174,0.0,3395.9536173144193,185.98600587163034,70.41137878423795,301.5606329590227,9.012358144060755,362.9596535991999
2033-04-01,5066.206874162443,626.3270258398916,9506.086722484994,0.0,11864.772891906348,169.55474907795107,0.0,404.622000829031,0.0,529.5014783217922,177.23653676317758,0.0,574.3279456196399,0.0,785.2827565746353,637.8437097446086,160.18776200826733,1115.49965748095,0.0,1369.2543797158814,294.0260098289797,0.0,1221.6169158987186,0.0,1714.3995847482674,380.8968014137942,0.0,1494.177172166393,0.0,2085.607369128711,588.2549540613096,0.0,2425.0794272179533,0.0,3400.89242858242,185.78432241063302,69.51554717765123,302.0530976436148,7.747760335129669,363.8208844861364
2033-05-01,5039.820986344497,573.5914713901329,9506.050501298861,0.0,11878.734931118368,167.8655110073241,0.0,404.32783287996097,0.0,529.9484413747992,174.81704375222475,0.0,574.2650988701118,0.0,786.4718781514895,637.1238768753103,156.63315085272535,1117.6146028978953,0.0,1372.8753010973935,288.30243427386046,0.0,1221.398379214161,0.0,1717.1055999636956,372.71615629954096,0.0,1492.6035902248411,0.0,2087.543789497657,577.5806766133018,0.0,2425.3062809226544,0.0,3406.910508211998,185.5643132641639,68.60550956830922,302.52311696001857,6.471145104886432,364.65748142344137
2033-06-01,5010.117344715085,517.6927106273506,9502.54197880282,0.0,11889.142565661929,166.29744220001487,0.0,404.14665175302446,0.0,530.5040443280608,172.76741918951245,0.0,574.5582982389442,0.0,788.0097027339548,636.5949470035184,153.2860693905377,1119.9038246164992,0.0,1376.6616658483952,283.22424821837745,0.0,1221.7929435757208,0.0,1720.4075629843094,365.2442296678363,0.0,1491.6999746594206,0.0,2090.129589186199,571.7336855312249,0.0,2430.296483085707,0.0,3417.657969286526,185.34299817850527,67.69821321226335,302.9877831447472,5.199421198947334,365.4865751580632
2033-07-01,4978.812608199022,460.3447145798664,9497.280501818179,0.0,11897.716570303355,164.93322524640666,0.0,404.16128234796065,0.0,531.2511876831612,171.20643131267275,0.0,575.3265523623028,0.0,790.0153666699188,636.4305055943732,150.31981391466172,1122.5411972740849,0.0,1380.7875022289315,279.16595153372026,0.0,1223.1756704167087,0.0,1724.6808335732965,358.92903109346037,0.0,1491.91500902315,0.0,2093.813809798298,569.327379483438,0.0,2438.6645443862076,0.0,3431.7499132408043,185.1408036035316,66.81401417044873,303.46759303661446,3.952907284123455,366.32869992293973
2033-08-01,4948.256697782853,403.89479335931173,9492.618602206394,0.0,11906.8108639314,163.8364663918966,0.0,404.435469141653,0.0,532.2536893524612,170.21844043322744,0.0,576.6544550616313,0.0,792.5735878329708,636.7570334917957,147.86058438305457,1125.6534826005368,0.0,1385.3797211895555,276.42170681257807,0.0,1225.8412678003915,0.0,1730.2204095751674,354.06050957638695,0.0,1493.5392969814204,0.0,2098.8874027903444,566.9269702520654,0.0,2446.9767567523872,0.0,3445.753205830683,184.9785667288792,65.97368126055501,303.9834521972034,2.752335855507795,367.2047976022506
2033-09-01,4920.966483659111,350.85728024998843,9491.075687068234,0.0,11918.94620137933,163.03691324859653,0.0,404.9990940615703,0.0,533.5415026184626,169.83257267269025,0.0,578.5713593529765,0.0,795.7138397768787,637.6244907525676,145.95806792409718,1129.290913581038,0.0,1390.4887007086627,275.1270004087029,0.0,1229.9257520977935,0.0,1737.1625889326228,350.70506324244076,0.0,1496.6398727786534,0.0,2105.4177403447666,564.5324933889491,0.0,2455.234205281411,0.0,3459.669489724281,184.87393872126157,65.19479921434171,304.55307822818145,1.6152563512905544,368.1326210912326
2033-10-01,4899.090574652083,303.3783182337611,9494.802831070405,0.0,11936.274967292637,162.52306196249583,0.0,405.8407838065143,0.0,535.1033235361492,170.01221054795462,0.0,581.0408682918218,0.0,799.3998427182512,638.9944269254169,144.57354880359577,1133.415305047238,0.0,1396.0763965494552,275.2141924104899,0.0,1235.361998567333,0.0,1745.4405205881562,348.69302632837645,0.0,1501.0476889507595,0.0,2113.2361034689006,563.8189524204121,0.0,2465.1129136442587,0.0,3475.175330544427,184.8381373850986,64.48852126230153,305.18775350789565,0.5527876970655825,369.1234870731316
2033-11-01,4883.943118859081,262.76965787512836,9505.116579843034,0.0,11960.114980990758,162.2442090997346,0.0,406.90996187881905,0.0,536.8886430427076,170.65789254416785,0.0,583.963734792469,0.0,803.5324634868789,640.7488690028654,143.58879608010847,1137.9089419256222,0.0,1402.0252306658367,276.41448962274217,0.0,1241.8817149124213,0.0,1754.7861783475635,347.66235957821766,0.0,1506.401307412585,0.0,2121.981373449593,570.2817505679806,0.0,2482.109276946719,0.0,3497.767650335424,184.87392866047136,63.85755055943727,305.8903067615055,0.0,370.1802576276798
2033-12-01,4875.726605734608,229.2314567851099,9522.221754684106,0.0,11990.672302563526,162.12155121485495,0.0,408.12794829133134,0.0,538.8188467382095,171.62333351588765,0.0,587.1938822635462,0.0,807.9657362857398,642.7178216518537,142.8335635536722,1142.602079750035,0.0,1408.1655918646939,278.3068070835098,0.0,1249.0643033457357,0.0,1764.7792232350432,347.14713844021674,0.0,1512.235388311894,0.0,2131.1885210562223,578.4623149750317,0.0,2500.765687040073,0.0,3521.989353449626,184.9754082970856,63.29592179060717,306.65489480356405,0.0,371.2971220101307
2034-01-01,4873.51417002061,201.83458105905174,9545.193758982168,0.0,12027.023540617996,162.06559911994472,0.0,409.40537396851596,0.0,540.8046293568194,172.74097038457492,0.0,590.5639505284183,0.0,812.5324087298352,644.7184081835276,142.12473046744475,1147.3120858996103,0.0,1414.3149771862795,280.4018364029772,0.0,1256.420929448835,0.0,1774.931072629447,346.6879539607025,0.0,1518.091091548185,0.0,2140.3990083915346,587.1826624578563,0.0,2519.9050993033047,0.0,3546.663893877449,185.12969298619362,62.79069223717613,307.4686937352111,0.0,372.4612878831266
2034-02-01,4875.494282805149,178.76529396314254,9572.223271647155,0.0,12067.36054696947,161.99557068223004,0.0,410.6615736696406,0.0,542.7653877567024,173.85107223379168,0.0,593.9144061325445,0.0,817.0730522662569,646.5957493103041,141.30718000956665,1151.8843186110416,0.0,1420.3188710520583,282.2406282315228,0.0,1263.4931051358171,0.0,1784.7834834912233,345.93600974024247,0.0,1523.620174323663,0.0,2149.264886758605,595.2747350111214,0.0,2538.360369129955,0.0,3570.6246122555854,185.3201378191314,62.32515917343247,308.31511646483034,0.0,373.65619887035785
2034-03-01,4879.413065331977,157.7675674851016,9601.058563178853,0.0,12109.432733910005,161.85597034068005,0.0,411.8411656249763,0.0,544.6458006197587,174.8276411673484,0.0,597.1194434036546,0.0,821.4619633416922,648.2553713050513,140.28620722932277,1156.2245353807798,0.0,1426.0831537960107,283.4834671417527,0.0,1269.941564007284,0.0,1793.997427967097,344.72484021849687,0.0,1528.6567099944984,0.0,2157.620515812999,601.7864719658266,0.0,2555.1803250205994,0.0,3592.920809455947,185.5303047659333,61.882828286048124,309.17778124581844,0.0,374.86550312575747
2034-04-01,4883.099643978239,136.66843515971414,9629.530852796765,0.0,12151.072432481606,161.62636112087034,0.0,412.92382366460686,0.0,546.4256006409669,175.59526371232087,0.0,600.1038360472504,0.0,825.6240151001816,649.679301229294,139.04361403381137,1160.3149884247766,0.0,1431.5901972473766,283.9676347215669,0.0,1275.6040248930444,0.0,1802.410857171642,343.0925168099415,0.0,1533.2392947461965,0.0,2165.5047705248317,606.1342825432623,0.0,2569.7822420271796,0.0,3612.97022050301,185.74771768776873,61.45116863015575,310.0442667453817,0.0,376.0768084322386
2034-05-01,4884.940880045175,113.85271980800462,9656.029040282345,0.0,12190.66962540834,161.32215836488515,0.0,413.92507105694733,0.0,548.1203684246054,176.1334827804238,0.0,602.8473092914621,0.0,829.5390296254513,650.9223817191644,137.63402375318526,1164.2107396851434,0.0,1436.89517985457,283.7209942486377,0.0,1280.5087769552038,0.0,1810.0522865180667,341.2504822749212,0.0,1537.5798824790622,0.0,2173.129876337512,608.1676811230255,0.0,2582.01647786976,0.0,3630.6236511414622,185.96650116913239,61.02425140781499,310.9087509304498,0.0,377.2843211161496
2034-06-01,4884.188030904652,88.56969272717288,9679.806369082131,0.0,12227.478611238916,160.9866281731441,0.0,414.88827905416247,0.0,549.7735310847034,176.46849280536014,0.0,605.3762351993919,0.0,833.2334733462212,652.0905362810603,136.16314622581274,1168.017926336308,0.0,1442.104352303158,282.9299127860301,0.0,1284.84260219256,0.0,1817.1087184397788,339.5091813673528,0.0,1541.9894159465123,0.0,2180.807040566691,608.1346709398711,0.0,2592.131857442844,0.0,3646.1303627725483,186.18829428369466,60.603663682624486,311.77292488476485,0.0,378.4897598915834
2034-07-01,4881.024581983056,61.00090380750771,9701.048260158605,0.0,12261.685839189364,160.67652930885384,0.0,415.8703088954642,0.0,551.4420043008508,176.65515500096976,0.0,607.7456480942385,0.0,836.7624725500375,653.3073526911072,134.75436099688523,1171.8603443853292,0.0,1447.3416212228847,281.8717640259579,0.0,1288.8832786744147,0.0,1823.858145831407,338.18171309389294,0.0,1546.7814794823782,0.0,2188.850105376261,606.5617427970401,0.0,2600.6556723010876,0.0,3660.018072350113,186.42127640887472,60.197534145404035,312.6450186723454,0.0,379.70138174981423
2034-08-01,4876.3887838176715,32.082716806447024,9720.694850828895,0.0,12294.23244892861,160.4454024787982,0.0,416.924801182266,0.0,553.1794817434832,176.75464995438847,0.0,610.0168973118638,0.0,840.1874662205224,654.6782119055385,133.51284603704926,1175.8435777740278,0.0,1452.7126783916628,280.8310375007982,0.0,1292.915690123953,0.0,1830.5856618300043,337.4919390231923,0.0,1552.1804077570698,0.0,2197.483656771942,604.0834240930012,0.0,2608.2232304234067,0.0,3672.922502536434,186.67762149129322,59.81798733297276,313.5372556496137,0.0,380.9314362962214
2034-09-01,4871.609015429063,3.1416710186504133,9740.076359839477,0.0,12326.449636557507,160.32898546218334,0.0,418.08759109715595,0.0,555.0218503407351,176.81394116277855,0.0,612.2371108897725,0.0,843.555669807238,656.2615485151815,132.49683801375363,1180.0262590166094,0.0,1458.276261470493,280.02165628454463,0.0,1297.1541439753496,0.0,1837.5057780610898,337.51156397759837,0.0,1558.2583668961242,0.0,2206.780105946591,601.26772293621,0.0,2615.403301031998,0.0,3685.4128268953855,186.97008388025262,59.47772941705064,314.4624383434546,0.0,382.19275165203067
2034-10-01,4867.957851601902,0.0,9760.467156273626,0.0,12359.612724380479,160.33651235402107,0.0,419.36800773340195,0.0,556.978489653698,176.852424267998,0.0,614.4258449472654,0.0,846.8867246831261,658.0546376495026,131.70341902029406,1184.4058562787113,0.0,1464.0299411754781,279.53563272247527,0.0,1301.6910274432776,0.0,1844.7110808887037,338.1422963409575,0.0,1564.917515195884,0.0,2216.6418502125634,598.4827636531486,0.0,2622.564750773343,0.0,3697.8583064309464,187.3086135924943,59.18666342641794,315.43056375857066,0.0,383.4953497842988
2034-11-01,4866.249259984425,0.0,9782.682958205954,0.0,12394.53836038614,160.4499550624415,0.0,420.7481156745963,0.0,559.0315134998035,176.85893401807812,0.0,616.5720907859961,0.0,850.1697053189525,659.9971923147915,131.07211374670044,1188.9222708828825,0.0,1469.9137188721809,279.3304464052244,0.0,1306.484185821867,0.0,1852.1596098869584,339.1466489049516,0.0,1571.920804359755,0.0,2226.832074445119,595.8369544405025,0.0,2629.816712013723,0.0,3710.368458224496,187.69785463784723,58.9493875318409,316.44632174385356,0.0,384.8439448939194
2034-12-01,4866.588283592333,0.0,9806.830516693562,0.0,12431.334203028591,160.63105695335068,0.0,422.18974871805585,0.0,561.1428037180556,176.79929442731319,0.0,618.6418251830793,0.0,853.3706696470799,661.9911551055645,130.50468103113462,1193.4776291799944,0.0,1475.8298185320355,279.2566752394521,0.0,1311.3845538661003,0.0,1859.7024893865073,340.21767704838715,0.0,1578.9617180504233,0.0,2237.0444898327546,593.203866234202,0.0,2637.033462323562,0.0,3722.8179352460347,188.13611382981128,58.764163817707725,317.5080638419148,0.0,386.2369122858448
2035-01-01,4868.338486582428,0.0,9832.275062972767,0.0,12469.366369180134,160.83389143320215,0.0,423.6470685329378,0.0,563.2665688671723,176.63164486099174,0.0,620.5933366030976,0.0,856.4479853410913,663.930701929198,129.89511743142498,1197.966286426971,0.0,1481.6726906914128,279.1164048074867,0.0,1316.1945654487658,0.0,1867.1423382894454,341.0675277940433,0.0,1585.752821303533,0.0,2246.991883480449,590.3194509071766,0.0,2643.951643263923,0.0,3734.9437454534445,188.61597480683633,58.62353226604071,318.608417347632,0.0,387.6669024474296
2035-02-01,4870.311627831254,0.0,9857.829983399948,0.0,12507.44910979582,161.01921747870944,0.0,425.0809202620739,0.0,565.3636998657363,176.32464997873342,0.0,622.3954352632722,0.0,859.3705399456834,665.733802668041,129.16121774062742,1202.3063875954545,0.0,1487.360573338143,278.7347309364051,0.0,1320.7396564141363,0.0,1874.304773074181,341.5098386460048,0.0,1592.1081597065904,0.0,2256.488517770026,586.9196375686315,0.0,2650.307857249348,0.0,3746.482848954729,189.1262857452589,58.51629843376011,319.7362730567577,0.0,389.12282881599145
2035-03-01,4871.123028825228,0.0,9882.11218864622,0.0,12544.20017980112,161.16648062262195,0.0,426.4708335768147,0.0,567.4137710837296,175.87296371086322,0.0,624.0429172265108,0.0,862.1332050316985,667.3663946264267,128.2687482936915,1206.4640409591618,0.0,1492.8596655734273,278.0234097517943,0.0,1324.931914904277,0.0,1881.1020582665333,341.51299494340407,0.0,1597.9965170798089,0.0,2265.503388214774,582.8759024051025,0.0,2655.9742379286104,0.0,3757.307728675474,189.65488921582048,58.43026327504015,320.8795151566008,0.0,390.59259768764036
2035-04-01,4869.61127663295,0.0,9903.961817919513,0.0,12578.460542977999,161.2800195245745,0.0,427.8212293140474,0.0,569.4212470147048,175.30514491416722,0.0,625.5644801689402,0.0,864.7647520230385,668.8523621766767,127.24142647900896,1210.4632978743443,0.0,1498.1941074637305,277.0181965104991,0.0,1328.8074204529005,0.0,1887.570445672301,341.2094099899448,0.0,1603.5506959190138,0.0,2274.169504068832,578.2877631031002,0.0,2661.050945124407,0.0,3767.5188855732263,190.19128339871614,58.35488432362936,322.0276824738029,0.0,392.06576948244276
2035-05-01,4865.204053825668,0.0,9922.808070082883,0.0,12609.66020371953,161.38767764214424,0.0,429.1600312106721,0.0,571.4140940439526,174.6813702203202,0.0,627.0204363354663,0.0,867.3255652091378,670.2664737852926,126.15385763573897,1214.3790899348464,0.0,1503.4389172642966,275.87889761219327,0.0,1332.5262962471932,0.0,1893.8702267720366,340.85807015088886,0.0,1609.0300627929778,0.0,2282.7464338840878,573.5037542889206,0.0,2665.8871407687266,0.0,3777.465814836123,190.7284500019843,58.28310357987186,323.17379642409674,0.0,393.53538671084397
2035-06-01,4858.127182126974,0.0,9938.878248452693,0.0,12638.02725243823,161.5321337069277,0.0,430.5299964404848,0.0,573.435111017687,174.08116126904156,0.0,628.4904398756464,0.0,869.8953691354053,671.7121203667066,125.10927328400078,1218.3149674494125,0.0,1508.6977299620999,274.85156046714053,0.0,1336.3348992355195,0.0,1900.247922956221,340.7703053377368,0.0,1614.7463191160798,0.0,2291.5460764358245,569.0627369792039,0.0,2671.022298828547,0.0,3787.6883160610096,191.26333917327264,58.21183239239775,324.31484595414753,0.0,394.99845893148733
2035-07-01,4849.396926982139,0.0,9953.19006646955,0.0,12664.580171822236,161.75727936278162,0.0,431.975093310742,0.0,575.528306970596,173.58415484827015,0.0,630.0542570823898,0.0,872.5539988942656,673.2898586518168,124.20807437489486,1222.3716429287388,0.0,1514.0713408258534,274.202710104538,0.0,1340.5000569659182,0.0,1906.9705224860265,341.2186914855317,0.0,1620.972403901834,0.0,2300.8415636229943,565.5698070128637,0.0,2677.062114193513,0.0,3798.792402383233,191.7958931118806,58.14097504131715,325.450811182444,0.0,396.45498640743085
2035-08-01,4840.5944218575005,0.0,9967.32607305474,0.0,12690.902262753272,162.09334662344537,0.0,433.5256287757485,0.0,577.7240286691595,173.24893574340163,0.0,631.7705993357341,0.0,875.3602331191607,675.065279774537,123.5156997633319,1226.614859785742,0.0,1519.6255741666946,274.14328826452595,0.0,1345.2330068989513,0.0,1914.2494199234898,342.3535345415988,0.0,1627.8589780166772,0.0,2310.783744862813,563.5395187589985,0.0,2684.5217268211604,0.0,3811.2935248541835,192.3269099803855,58.0712926221652,326.5825273386058,0.0,397.9058240601603
2035-09-01,4833.479829780159,0.0,9983.047815164602,0.0,12718.755807400088,162.54485836647353,0.0,435.18619898451044,0.0,580.0269111878425,173.0955908379689,0.0,633.6596772942759,0.0,878.334348224189,677.0449382465704,123.03855507364608,1231.0513214194948,0.0,1525.3672124801105,274.7629037487791,0.0,1350.6236469702824,0.0,1922.174666806706,344.1493661322405,0.0,1635.3809201010895,0.0,2321.3476831470407,563.2486845609393,0.0,2693.6785216007383,0.0,3825.4693725281313,192.85538380740604,58.00174292209405,327.709024692718,0.0,399.35002141304
2035-10-01,4829.546863558883,0.0,10001.850358985772,0.0,12749.636590931306,163.08475065942085,0.0,436.9298116585072,0.0,582.4100003142718,173.096763509082,0.0,635.694255377753,0.0,881.4491729329845,679.1669532249655,122.7146138623267,1235.6192925876044,0.0,1531.234597874006,275.9924093813462,0.0,1356.6031127550814,0.0,1930.6775489223783,346.39590257736677,0.0,1643.3282858285365,0.0,2332.32361443072,564.6391376961944,0.0,2704.474891716256,0.0,3841.2626360394133,193.3761144612277,57.927090367982515,328.8251385544729,0.0,400.7824326040094
2035-11-01,4829.634216882921,0.0,10024.573721969964,0.0,12784.385334047456,163.6563981989504,0.0,438.6999115803538,0.0,584.8167780642243,173.17983076391607,0.0,637.8018289872434,0.0,884.632265543386,679.2530894880882,120.3654984932964,1238.14068048288,0.0,1535.0497131988632,277.6054168699139,0.0,1362.9452925248313,0.0,1939.5321014665062,348.73616343889825,0.0,1651.3444266885635,0.0,2343.355066539948,567.2981249401361,0.0,2716.498631597387,0.0,3858.2614007590514,193.8783226699287,57.836521022051585,329.92012431780586,0.0,402.1923314432405
2035-12-01,4833.695339677608,0.0,10051.17264908901,0.0,12822.957469713816,164.1832011874202,0.0,440.4199675180069,0.0,587.170749631131,173.23997102437335,0.0,639.8776923702694,0.0,887.7789818352765,676.287494987334,114.97521759286076,1237.5997723818073,0.0,1535.796919747621,279.2591561658994,0.0,1369.307686795332,0.0,1948.395968692218,350.7420735904839,0.0,1659.0015922820392,0.0,2354.014461586928,570.5238818747905,0.0,2729.0485126003623,0.0,3875.7647226733225,193.58694072312102,56.95493326005192,330.2189481861901,0.0,402.80470215094556
2036-01-01,4840.786153265253,0.0,10080.704328860333,0.0,12864.410859645217,164.58341761550489,0.0,442.0083045531625,0.0,589.3902757387931,173.16109720408159,0.0,641.8058717751235,0.0,890.7734082659894,673.0889513997056,109.36241650926911,1236.815486290142,0.0,1536.2952079506863,280.56481407960456,0.0,1375.301747122488,0.0,1956.8807428015198,352.0081691049493,0.0,1665.8946364253989,0.0,2363.8968221893874,573.4618326162007,0.0,2741.2704830930247,0.0,3892.918828658837,192.6992703196771,55.47959559634887,329.91894504300535,0.0,402.8168972397734
2036-02-01,4849.2731230326635,0.0,10111.5364668459,0.0,12907.113868246684,164.78657079705616,0.0,443.3945116601353,0.0,591.4049802436462,172.83963315007568,0.0,643.4829019669102,0.0,893.5121385258534,669.5249059830317,103.39440907848689,1235.6554028875764,0.0,1536.4122293681157,281.16986877466496,0.0,1380.5752107704604,0.0,1964.6342987057267,352.2395272721631,0.0,1671.7289473769856,0.0,2372.7077018076725,575.2786154593499,0.0,2752.33169444372,0.0,3908.8911426541667,191.75376114809637,53.948925242516395,329.55859705367635,0.0,402.7674161285157
2036-03-01,4857.206898898063,0.0,10141.720926918926,0.0,12949.119004305008,164.74737911879774,0.0,444.533371497898,0.0,593.169679949295,172.20542831902517,0.0,644.8387409753037,0.0,895.9251883239517,665.5209047891607,96.99661075134645,1234.045198826975,0.0,1536.0737300345636,280.83195749587736,0.0,1384.8859686065862,0.0,1971.41466200915,351.31186628909984,0.0,1676.380547727655,0.0,2380.3232847418876,575.3315478015663,0.0,2761.589966275583,0.0,3923.039751089904,190.7317635177379,52.34424071762541,329.1192863178504,0.0,402.6376578054102
2036-04-01,4862.764617996561,0.0,10169.436034718923,0.0,12988.605224852678,164.4538326828329,0.0,445.412937093334,0.0,594.6724613114127,171.23489939310483,0.0,645.8499117792494,0.0,897.9891371093886,661.0737884672517,90.16573431404254,1231.9818426204608,0.0,1535.276746389353,279.4662060431967,0.0,1388.149394736161,0.0,1977.137338729298,349.2893397095708,0.0,1679.9138890434774,0.0,2386.8081808771153,573.2926430156415,0.0,2768.717803658037,0.0,3935.0374202493103,189.62040909863373,50.65264256790371,328.5881756293637,0.0,402.41480159881405
