Date,128GB_Forecast,128GB_CI_Lo_80,128GB_CI_Hi_80,128GB_CI_Lo_95,128GB_CI_Hi_95,16GB_Forecast,16GB_CI_Lo_80,16GB_CI_Hi_80,16GB_CI_Lo_95,16GB_CI_Hi_95,32GB_Forecast,32GB_CI_Lo_80,32GB_CI_Hi_80,32GB_CI_Lo_95,32GB_CI_Hi_95,64GB_Forecast,64GB_CI_Lo_80,64GB_CI_Hi_80,64GB_CI_Lo_95,64GB_CI_Hi_95,8GB_Forecast,8GB_CI_Lo_80,8GB_CI_Hi_80,8GB_CI_Lo_95,8GB_CI_Hi_95
2026-05-01,3086.115969069948,2601.6853623688253,3570.5465757710704,2344.3316025588542,3827.9003355810414,208.04122004831913,175.29154197232367,240.7908981243146,157.89327549445107,258.1891646021872,408.31496147347195,332.77814042746394,483.85178251947997,292.64920424677223,523.9807187001717,822.1686526389049,662.3037030916986,982.0336021861111,577.3754486447452,1066.9618566330644,85.61680006536676,72.93083664953471,98.30276348119881,66.19141858487394,105.04218154585958
2026-06-01,3235.4254065166115,2550.3370724912575,3920.5137405419655,2186.383895040288,4284.466917992935,208.10414173504702,161.78910283662142,254.41918063347262,137.18423842183282,279.0240450482612,416.92059502684333,310.0953982450294,523.7457918086573,253.34451245469072,580.4966775989959,824.29841849529,598.2152386975403,1050.3815982930396,478.10854942998577,1170.4882875605942,89.66295952688198,71.72229801244339,107.60362104132057,62.19132158289788,117.13459747086608
2026-07-01,3431.2391650116933,2592.180741463933,4270.297588559453,2146.4309539541855,4716.047376069201,207.11442196034784,150.39031560119915,263.83852831949656,120.25563409790139,293.9732098227943,424.1470338777681,293.31342198384414,554.980645771692,223.8080656651971,624.4860020903391,821.7705771708564,544.8763622056599,1098.664792136053,397.7763105053994,1245.7648438363135,93.24296694601664,71.2702337668355,115.21570012519777,59.59721926539554,126.88871462663774
2026-08-01,3595.3634210546284,2626.5022076523833,4564.224634456873,2111.7946880324407,5078.932154076816,205.80180991084302,140.3024537588521,271.30116606283394,105.5059208031069,306.09769901857914,429.5177113816299,278.44406928961394,580.5913534736459,198.1861969282304,660.8492258350294,816.2747508128296,496.544851718417,1136.004649907242,326.68834282451036,1305.8611588011488,96.4398586697222,71.06793183805812,121.81178550138628,57.58909570873656,135.29062163070785
2026-09-01,3705.9258913285066,2622.7061243633316,4789.145658293682,2047.2456231630824,5364.606159493931,204.50658386440566,131.27607744524528,277.73709028356603,92.37237091006631,316.640796818745,433.0229012665585,264.1174346034478,601.9283679296692,174.3864054386703,691.6593970944467,809.0252163665258,451.55632195939836,1166.4941107736531,261.6509718056119,1356.3994609274396,99.17607193624511,70.80939537836923,127.54274849412099,55.73959845699766,142.61254541549255
2026-10-01,3794.8658842177983,2608.258082013167,4981.47368642243,1977.8726870919568,5611.85908134364,203.31090416578002,123.090903639178,283.530904692382,80.47402835942069,326.14777997213935,433.9072799791578,248.8806116245127,618.9339483338028,150.58519406110753,717.229365897208,800.6996699469364,409.1121158005044,1192.2872240933684,201.08122766021245,1400.3181122336605,101.57412555020018,70.49998828579693,132.6482628146034,53.991852864082716,149.15639823631764
2026-11-01,3890.421232844451,2608.7383200451413,5172.104145643761,1927.8442726205078,5852.998193068394,202.10180695433948,115.45430324783119,288.74931066084775,69.42281690374867,334.78079700493026,434.2808786352821,234.42923531915503,634.1325219514091,128.25804980746256,740.3037074631015,791.4780018448444,368.5151019870487,1214.44090170264,143.81606143759484,1439.139942252094,103.84997150277425,70.28606716321917,137.41387584232933,52.455242982830555,155.24470002271795
2026-12-01,3986.379302065866,2616.202634015158,5356.555970116574,1888.296279113219,6084.462325018512,200.6613809242919,108.03130312744071,293.2914587211431,58.82157429786349,342.5011875507203,435.1067571647088,221.4563636010809,648.7571507283367,107.9545920204036,762.258922309014,781.1925398267945,329.0261802312951,1233.358899422294,88.81280169618606,1473.572277957403,106.13867478031986,70.25735175144267,142.01999780919704,51.19539889235166,161.08195066828807
2027-01-01,4066.6616287105253,2613.369808607158,5519.9534488138925,1841.3085291772445,6292.0147282438065,198.76383706088177,100.51480283289537,297.01287128886815,48.320003399277596,349.20767072248594,435.8119066767383,209.20144353871433,662.4223698147623,88.81463499663909,782.8091783568375,769.5536621471313,289.95881350551247,1249.1485107887502,35.1740501646525,1503.93327412961,108.23915480618328,70.18126455868715,146.29704505367943,49.96301036470482,166.51529924766174
2027-02-01,4128.582288796527,2596.678203323753,5660.4863742693005,1782.854157916342,6474.310419676712,196.26520435496155,92.70162899753494,299.82877971238815,37.68347958890206,354.84692912102105,435.7543340806939,196.88593236676613,674.6227357946217,69.987093956242,801.5215742051458,756.3903255796872,250.8529669826117,1261.9276841767628,0.0,1530.494405931459,110.13690807365862,70.02036936605958,150.25344678125765,48.708458177647614,171.5653579696696
2027-03-01,4179.438851300162,2572.7642919083128,5786.113410692012,1719.2184322313929,6639.659270368931,193.16442854226756,84.54603435926226,301.78282272527287,26.842512449540692,359.48634463499445,434.7455384251075,184.21824515927784,685.2728316909372,51.12562061180586,818.3654562384091,741.8400318513785,211.62797707419895,1272.052086628558,0.0,1553.7272407289347,111.84306658512007,69.76848583062984,153.9176473396103,47.41636480480692,176.2697683654332
2027-04-01,4222.4697369601245,2544.3528898646036,5900.586584055645,1652.8533148451083,6792.086159075141,189.62114717933378,76.17293446103638,303.06935989763116,15.903571454440879,363.33872290422664,432.2953938241117,170.6281700362639,693.9626176119596,31.617457398969748,832.9733302492536,726.4362524890153,172.64782255862235,1280.224682419408,0.0,1574.4247858199292,113.37370623320712,69.42823987484486,157.31917259156938,46.08221087196492,180.66520159444931
2027-05-01,4254.678174359253,2508.0387824942263,6001.317566224279,1580.1366055659314,6929.219743152575,185.92604193144211,67.84539837350162,304.0066854893826,5.1150564833457395,366.7370273795385,428.90971094087797,156.55782947394874,701.2615924078073,11.870892444642607,845.9485294371134,711.0691037621194,134.6678310202036,1287.4703765040354,0.0,1593.683552648178,114.75289574631446,69.01300417187173,160.4927873207572,44.71368677294903,184.7921047196799
2027-06-01,4274.254032979276,2461.6806750366395,6086.827390921913,1498.7510786296143,7049.7569873289385,182.4321445098924,59.894069622375355,304.97021939740944,0.0,370.0685716814029,425.58920093553957,142.95629649532242,708.2221053757567,0.0,858.370835859622,696.8293846070356,98.66951524748788,1294.9892539665834,0.0,1612.7616845638431,116.01302710026422,68.54649837707228,163.47955582345617,43.32990499287655,188.6961492076519
2027-07-01,4284.8215506866145,2408.629878540012,6161.013222833217,1411.9030527121295,7157.7400486610995,179.46582331593905,52.62686553395443,306.30478109792364,0.0,373.687977419603,423.0842866452857,130.53143670864682,715.6371365819246,0.0,871.055838110764,684.7776328643348,65.62334562571596,1303.9319201029537,0.0,1632.8576351984698,117.19224322536928,68.0597181852552,166.32476826548336,41.958064257694616,192.42642219304395
2027-08-01,4292.634068847002,2354.9116420425116,6230.356495651492,1325.496602802627,7259.771534891377,177.24156007537195,46.242847771390075,308.2402723793538,0.0,377.83333829084415,421.8172274412258,119.66994325719378,723.9645116252577,0.0,884.4802563480248,675.7001552793402,36.24035709051509,1315.1599534681652,0.0,1654.8729712559784,118.32958441937899,67.58573075605081,169.07343808270718,40.62805849740771,196.03111034135026
2027-09-01,4302.593574198376,2305.235014487602,6299.95213390915,1244.1382796412527,7361.048868755499,175.80356444808797,40.77318253578369,310.83394636039225,0.0,382.5688367513039,422.07523814814397,110.62894635207391,733.5215299442141,0.0,898.9773724608763,669.917684413055,10.777611595885219,1329.0577572302248,0.0,1679.225920914346,119.45911958336046,67.15355245716353,171.7646867095574,39.366219921371396,199.55201924534953
2027-10-01,4317.481475909013,2262.216473832951,6372.746477985075,1170.3569414800431,7464.606010337983,175.01008590033317,36.0649692050564,313.95520259560993,0.0,387.7697958399757,423.6320822864098,103.15649194096795,744.1076726318516,0.0,914.3603300028676,667.198543044309,0.0,1345.448082437558,0.0,1705.7681502402215,120.60463328583288,66.7826487425171,174.42661782914865,38.1897194538806,203.01954711778515
2027-11-01,4339.02386503868,2227.4398052703896,6450.607924806971,1105.6607735184857,7572.386956558874,174.56492679250982,31.812389625755998,317.31746395926365,0.0,393.1547493291016,426.0302784585307,96.77290900266547,755.2876479143958,0.0,930.2056254378242,666.8007534298084,0.0,1363.635913120309,0.0,1733.8295917058877,121.77632163279819,66.47948910173224,177.07315416386413,37.10304681960346,206.4495964459929
2027-12-01,4368.052319301381,2201.6127853710314,6534.4918532317315,1050.691782970533,7685.41285563223,174.08819530003453,27.627182461713744,320.5492081383553,0.0,398.35662120871325,428.7798489776167,90.96891565139538,766.5907823038381,0.0,946.0528406333931,667.6338123753742,0.0,1382.571601189629,0.0,1762.382301497202,122.97044124449309,66.23708812874132,179.70379436024484,36.097494285998195,209.84338820298797
2028-01-01,4403.692740037981,2183.7528158767054,6623.632664199256,1004.409731166028,7802.975748909934,173.2080808388787,23.130202070193747,323.28595960756365,0.0,403.0148327034275,431.33779271213547,85.18459251247043,777.4909929118005,0.0,961.3848805178725,668.4998455493145,0.0,1401.0930778196835,0.0,1790.2832324633173,124.1720933168627,66.0377057003718,182.3064809333536,35.15381227911102,213.1903743546144
2028-02-01,4443.14157084932,2170.960618637549,6715.32252306109,963.8644877750462,7922.4186539235925,171.65008175366137,18.040475576868374,325.25968793045433,0.0,406.8647912118756,433.1476397126551,78.84854383149707,787.4467355938132,0.0,975.6681302806785,668.3537142648581,0.0,1418.1867930644519,0.0,1816.535616176736,125.36051249854573,65.85806976438363,184.86295523270783,34.24739706186003,216.47362793523143
2028-03-01,4482.601146841407,2159.353572366658,6805.848721316156,925.1282984269483,8040.073995255866,169.30102384299983,12.239085347797328,326.36296233820235,0.0,409.8021171637787,433.8678509897404,71.6059834464636,796.1297185330172,0.0,988.581335665383,666.5175525607983,0.0,1433.2029170720875,0.0,1840.5045169687098,126.51558344532658,65.67584019208736,187.35532669856582,33.35472658880403,219.67644030184914
2028-04-01,4518.572645700204,2145.357041290941,6891.788250109466,884.5862514485207,8152.559039951887,166.23205864390928,5.792057590705241,326.67205969711335,0.0,411.90581025662794,433.36744695765935,63.31411024836916,803.4207836669495,0.0,1000.0116187937599,662.7980226389147,0.0,1445.9731309317788,0.0,1862.0349072123627,127.62399585638855,65.47572132758205,189.77227038519504,32.45945048415362,222.78854122862347
2028-05-01,4548.684702430826,2126.531668925214,6970.837735936439,839.7628698753574,8257.606534986295,162.67573064620754,0.0,326.4241210261849,0.0,413.41545341554786,431.7517255299368,54.06762029989676,809.4358307599769,0.0,1010.0805116634356,657.4806666533509,0.0,1456.8054143893823,0.0,1881.446686624149,128.68355062335672,65.25373354419649,192.11336770251694,31.556643220892624,225.81045802582082
2028-06-01,4571.98123536223,2101.8601188116154,7042.102351912845,789.608275644101,8354.35419508036,158.96421369355465,0.0,325.95546126693733,0.0,414.66956154029685,429.3763372313401,44.212612722979145,814.5400617397011,0.0,1019.1582903847677,651.2080146464107,0.0,1466.3625119271414,0.0,1899.4133386075296,129.70461426221485,65.01863925616307,194.39058926826664,30.65421503419806,228.75501349023165
2028-07-01,4588.928709233738,2071.753438590457,7106.10397987702,734.5040760612142,8443.353342406263,155.4457475596986,0.0,325.6180666371447,0.0,416.02211114703795,426.7470508409046,34.24621515913282,819.2478865226764,0.0,1027.7639554786176,644.7779629514243,0.0,1475.4606078470138,0.0,1916.7607629477955,130.70845430290987,64.79025476536648,196.62665384045326,29.77121126104656,231.64569734477317
2028-08-01,4601.206292094493,2037.840466495873,7164.572117693113,676.0523716466064,8526.360212542379,152.40156403759988,0.0,325.6965714506165,0.0,417.7595441387815,424.3446214799029,24.641334847648807,824.0479081121571,0.0,1036.390279135542,638.9185245918788,0.0,1484.8443243074703,0.0,1934.2424054063779,131.72297871049764,64.5951700313875,198.85078738960777,28.933521670610247,234.51243575038504
2028-09-01,4611.193280340806,2002.4546256351055,7219.931935046507,616.5622153227018,8605.824345358911,149.98486498940665,0.0,326.34727880924186,0.0,420.0398111510293,422.5305434776276,15.752313137848375,829.3087738174067,0.0,1045.4097086854144,634.0993824735091,0.0,1494.9984826694574,0.0,1952.351129648555,132.77704013845823,64.46103640692368,201.09304386999278,28.168159424545962,237.3859208523705
2028-10-01,4621.220356579343,1967.8846482181625,7274.556064940524,558.3000531512853,8684.1406600074,148.19699921608017,0.0,327.57437354863123,0.0,422.86860366279893,421.4606882375141,7.728480146218487,835.1928963288096,0.0,1054.9881318773105,630.4288892586326,0.0,1506.0452794729342,0.0,1971.216486774282,133.8947869431834,64.41090367781838,203.37867020854839,27.497590693093215,240.29198319327355
2028-11-01,4632.850653328847,1935.6551850742112,7330.046121583484,502.7700925639365,8762.931214093758,146.9056841256152,0.0,329.24817461129845,0.0,426.11762268181764,421.0573395498829,0.486119248450791,841.628559851315,0.0,1065.0570206364507,627.6606943096335,0.0,1517.751063264188,0.0,1990.611571771295,135.09146988767364,64.45901487283857,205.7239249025087,26.935523146207444,243.24741662913982
2028-12-01,4646.453337185476,1906.1000010840594,7386.806673286892,450.2872912801822,8842.619383090769,145.8987403627338,0.0,331.1588959564362,0.0,429.57835361559063,421.0697279693624,0.0,848.3705150966182,0.0,1075.3740582579728,625.3037950619263,0.0,1529.636514252925,0.0,2010.063271323143,136.37167438099064,64.60902832323626,208.13432043874502,26.485122605054244,246.25822615692704
2029-01-01,4661.174134690329,1878.3321665953063,7444.016102785352,399.94737104482556,8922.400898335833,144.95740395985993,0.0,333.0899813213689,0.0,433.03541304467046,421.18329572429315,0.0,855.1092963434184,0.0,1085.6324841723285,622.8017332133224,0.0,1541.1559508728901,0.0,2029.0316290045355,137.73026741801675,64.85495584408001,210.6055789919535,26.13994657042612,249.3205882656074
2029-02-01,4675.263353150459,1850.5717890854899,7499.9549172154275,349.9543956759753,9000.572310624942,143.92832923074084,0.0,334.8901266635402,0.0,436.33858154971483,421.1205991854545,0.0,861.5721689942652,0.0,1095.562065455196,619.7283660295824,0.0,1551.8931965112133,0.0,2047.1057627045793,139.15561237228383,65.18436995479979,213.12685478976786,25.88714742051141,252.42407732405624
2029-03-01,4686.652716680178,1820.722598060986,7552.58283529937,298.19722254454064,9075.108210815815,142.77414978903604,0.0,336.52385815745356,0.0,439.45339072817535,420.7413295749749,0.0,867.6231894448764,0.0,1105.0291775007615,615.9438927411065,0.0,1561.7176887835737,0.0,2064.1600179311345,140.63401096497248,65.58283927142716,215.6851826585178,25.711904309231215,255.55611762071374
2029-04-01,4693.634140566497,1787.0505003597627,7600.217780773231,242.9279414999355,9144.340339633058,141.58863679287848,0.0,338.0867052488513,0.0,442.4763041160868,420.09874931399133,0.0,873.3196755900393,0.0,1114.0932926741898,611.666401976408,0.0,1570.8560992596456,0.0,2080.4256259413655,142.15403606102964,66.03825556603738,218.2698165560219,25.601747178072728,258.70632494398654
2029-05-01,4695.461581710475,1748.7852387392536,7642.137924681696,183.3634315357922,9207.559731885158,140.57235221946635,0.0,339.78086689946065,0.0,445.61039032320764,419.43205810285724,0.0,878.9046028193566,0.0,1122.999392199997,607.4378116326891,0.0,1579.8583366464509,0.0,2096.456740560012,143.70949494176452,66.54379201520734,220.8751978683217,25.549512335473835,261.8694775480552
2029-06-01,4692.700970233386,1706.4701548182302,7678.931785648542,120.0350341289286,9265.366906337844,139.97554890385197,0.0,341.8581230282445,0.0,449.108240531828,419.1058239422039,0.0,884.7460613379774,0.0,1132.117437454482,603.9922086944412,0.0,1589.4659422671684,0.0,2112.99886322768,145.30018307603666,67.09865255432946,223.50171359774384,25.554089464672515,265.0462766874008
2029-07-01,4687.218519302999,1661.9503500915675,7712.486688514431,54.77663519799444,9319.660403408005,140.02399615559585,0.0,344.54567018837946,0.0,453.19780951829574,419.51552586791365,0.0,891.2428221056116,0.0,1141.8479482318885,602.061376258049,0.0,1600.417666194413,0.0,2130.7944452231063,146.93023385065928,67.70641771103284,226.15404999028573,25.61876538685631,268.24170231446226
2029-08-01,4681.804487013147,1617.9963160675993,7745.612657958694,0.0,9373.260748773517,140.8480398363722,0.0,347.9751905512254,0.0,458.0114893684912,420.9723968798502,0.0,898.7092003077057,0.0,1152.506877128754,602.169555703766,0.0,1613.2442728979172,0.0,2150.37771640731,148.60456211846824,68.37148470327018,228.83763953366628,25.747662326446232,271.46146191049024
2029-09-01,4679.533059851005,1577.6637007287486,7781.402418973263,0.0,9429.27051600696,142.43434522225178,0.0,352.13460267878156,0.0,463.537864452563,423.6058683914616,0.0,907.2775180497831,0.0,1164.2280819307666,604.4726963892258,0.0,1628.107829550922,0.0,2171.9139940430728,150.3244503170243,69.0946504939237,231.55425014012488,25.94131933790152,274.70758129614705
2029-10-01,4683.026993194593,1543.557844792217,7822.496141596969,0.0,9490.339126685732,144.61370555317748,0.0,356.8558771200369,0.0,469.60953076493104,427.31084650261516,0.0,916.8453968838306,0.0,1176.9106267738512,608.6858583442241,0.0,1644.7291431237231,0.0,2195.1271381628317,152.08358703340926,69.86914762591331,234.2980264409052,26.192726690681113,277.9744473761374
2029-11-01,4693.817114912289,1517.193192179358,7870.44103764522,0.0,9558.02249659709,147.088698854247,0.0,361.8426995282683,0.0,475.9307623863421,431.7516362514093,0.0,927.0796965818083,0.0,1190.2227286323327,614.1192707471207,0.0,1662.4238495935667,0.0,2219.335657105741,153.86577032483498,70.67834510397212,237.05319554569786,26.485025455388737,281.24651519428124
2029-12-01,4711.961727714344,1498.6126089306454,7925.310846498043,0.0,9632.402565851884,149.4944320833666,0.0,366.7312204493772,0.0,482.1382642688203,436.42323110956363,0.0,937.4778176412229,0.0,1203.663066736167,619.8150712636807,0.0,1680.2391808180398,0.0,2243.589489018793,155.64505977216015,71.4958982631797,239.7942212811406,26.791656211533848,284.49846333278646
2030-01-01,4736.024556170671,1486.365255275146,7985.683857066195,0.0,9712.065360666944,151.47693663475349,0.0,371.16845589223465,0.0,487.8795754977715,440.7581718672137,0.0,947.4745718565457,0.0,1216.6676593508782,624.7505607432335,0.0,1697.157243964616,0.0,2266.873294425975,157.38851834367662,72.28848867004895,242.4885480173043,27.079097905934248,287.697938781419
2030-02-01,4763.416622915853,1477.8483943432652,8048.98485148844,0.0,9794.442972917626,152.7692535618015,0.0,374.88837711432575,0.0,492.88916150160435,444.24877657844013,0.0,956.564422788748,0.0,1228.732109837974,628.0568093194311,0.0,1712.3136498842564,0.0,2288.3250964343197,159.06100017780113,73.0206101377732,245.10139021782908,27.311652929008375,290.8103474265939
2030-03-01,4791.012025777957,1469.9231083723384,8112.1009431835755,0.0,9876.42943055531,153.2460209595808,0.0,377.76650212293237,0.0,497.0430077409628,446.55421669933986,0.0,964.408571403075,0.0,1239.5186973394343,629.1980256678978,0.0,1725.1769024740834,0.0,2307.4156807773693,160.63089557459614,73.66031212232782,247.60147902686447,27.457189663310288,293.804601485882
2030-04-01,4815.877159409328,1459.6434652182866,8172.1108536003685,0.0,9955.11000363936,152.94317885059684,0.0,379.8396042871916,0.0,500.37833030038263,447.56686160567654,0.0,970.9013091813722,0.0,1248.9227344559604,628.0679794765103,0.0,1735.6448393372962,0.0,2324.0450461383384,162.07548317311105,74.18455045638655,249.96641588983556,27.492492450626656,296.6584738955954
2030-05-01,4835.92659106174,1444.9123441538827,8226.940837969596,0.0,10028.417156639396,152.03863754335057,0.0,381.28638407531884,0.0,503.074249420427,447.4216549304429,0.0,976.1794022524989,0.0,1257.0819555173412,624.9818790182494,0.0,1744.0365258486931,0.0,2338.534306977366,163.3846283412683,74.58288443044398,252.1863722520926,27.406957977818564,299.362298704718
2030-06-01,4850.342134150543,1424.9004640237722,8275.783804277313,0.0,10095.54969153216,150.7999260679312,0.0,382.3751205600592,0.0,505.3994426340022,446.44718362748813,0.0,980.5731675365579,0.0,1264.3275964882512,620.5694519126469,0.0,1750.9853509013953,0.0,2351.5187972391677,164.56197975543972,74.85867218324675,254.26528732763268,27.203790035519233,301.92016947536024
2030-07-01,4859.656984767858,1400.130478416202,8319.183491119515,0.0,10157.056947618832,149.5132468026237,0.0,383.3927288401643,0.0,507.6412036726077,445.0739955209135,0.0,984.514796740629,0.0,1271.0927223886029,615.6002625457726,0.0,1757.26435796976,0.0,2363.7734086637533,165.6234414080071,75.02754162672956,256.21934118928465,26.898469867925883,304.3484129480883
2030-08-01,4865.496271899603,1372.2174881695505,8358.775055629656,0.0,10214.579409486247,148.41281678472947,0.0,384.57410390061045,0.0,510.03478768092225,443.72479258875785,0.0,988.4285555226163,0.0,1277.8024295812286,610.7888885263408,0.0,1763.5914340101724,0.0,2376.017786298458,166.59336882167932,75.11358567279385,258.0731519705648,26.514950874948454,306.6717867684102
2030-09-01,4870.055391546854,1343.3473410318506,8396.763442061856,0.0,10270.327093897951,147.62876414314607,0.0,386.050019374954,0.0,512.711311216852,442.7151282153742,0.0,992.6314861172298,0.0,1284.7745512525905,606.6312471653605,0.0,1770.465647313308,0.0,2388.752672391905,167.4994803140583,75.14427259540858,259.85468803270805,26.080568494875905,308.9183921332407
2030-10-01,4875.464285294951,1315.640878681057,8435.287691908845,0.0,10326.443876672476,147.16642050326394,0.0,387.82642208307004,0.0,515.677047922342,442.19012027701046,0.0,997.2701253409458,0.0,1292.1563780311612,603.3133852071377,0.0,1778.0760476464338,0.0,2402.16871206731,168.36774793542838,75.14533614221864,261.5901597286381,25.62092987707598,311.1145659937808
2030-11-01,4883.211855587277,1290.578323067578,8475.845388106976,0.0,10384.431952258064,146.92113343392336,0.0,389.7992464339909,0.0,518.8282439652768,442.11216387911736,0.0,1002.3082218405377,0.0,1299.9123776325423,600.7133326032399,0.0,1786.3035295748557,0.0,2416.1483217160267,169.21847252265343,75.13684983080887,263.300095214498,25.155987775766476,313.2809572695404
2030-12-01,4893.783656132507,1268.6369402472333,8518.93037201778,0.0,10444.78956483183,146.72309397721372,0.0,391.7992437522478,0.0,521.9959483202347,442.30009721729124,0.0,1007.5659060977255,0.0,1307.8633670654563,598.4908937163683,0.0,1794.810632435464,0.0,2430.3554936299834,170.06437687255988,75.13131942617598,264.99743431894376,24.698132657784527,315.4306210873352
2031-01-01,4906.604370400103,1249.2334944288673,8563.97524637134,0.0,10506.953524231058,146.39871549532762,0.0,393.65336277750976,0.0,525.007394146169,442.50697254306976,0.0,1012.7974652071052,0.0,1315.7642894348742,596.2364697035645,0.0,1803.1903707878832,0.0,2444.3846307389276,170.91097567166887,75.13405223023514,266.6878991131026,24.25256165197348,317.5693896913642
2031-02-01,4920.291647498314,1230.9780613265689,8609.60523367006,0.0,10569.553076323798,145.830908909048,0.0,395.24502642591517,0.0,527.7462763567507,442.5132664030634,0.0,1017.784556627706,0.0,1323.3974295595474,593.6345064145669,0.0,1811.129689746471,0.0,2457.9240058915448,171.7588581711886,75.14543916692145,268.37227717545574,23.819560320904543,319.69815602147264
2031-03-01,4933.142709935218,1212.1606151354813,8654.124804734955,0.0,10630.896542597315,145.00123665261592,0.0,396.55628715011426,0.0,530.1949077269103,442.20846098747035,0.0,1022.4177927725266,0.0,1330.6540002833378,590.5939665239744,0.0,1818.5399439717273,0.0,2470.8862444908464,172.60701684071304,75.16428289157801,270.0497507898481,23.397830481100016,321.8162032003261
2031-04-01,4943.712548780153,1191.3292044869486,8696.095893073358,0.0,10689.549544729123,144.002149662961,0.0,397.6800652269302,0.0,532.4464578702889,441.63771492810076,0.0,1026.7434148013785,0.0,1337.5808178590573,587.3080077613428,0.0,1825.6165822385806,0.0,2483.468012429613,173.45610440206502,75.19105432183689,271.7211544822932,22.98774646671569,323.92446233741435
2031-05-01,4951.31893182699,1167.794942840284,8734.842920813695,0.0,10744.840039962883,143.01585376766187,0.0,398.79901634675275,0.0,534.6838214668948,441.0003582521639,0.0,1030.961790345767,0.0,1344.3788011454933,584.225004466088,0.0,1832.8101748559893,0.0,2496.1210466256243,174.31056498401875,75.23002332695286,273.39110664108466,22.59348557163659,326.0276443964009
2031-06-01,4956.330715560553,1141.9203039835957,8770.74112713751,0.0,10797.146658287767,142.2655357173605,0.0,400.13675875910076,0.0,537.1308460000253,440.6001760830059,0.0,1035.377699777094,0.0,1351.3532592395784,581.9376859376019,0.0,1840.7155574508051,0.0,2509.4413016921944,175.17893958410374,75.28956375841645,275.068315409791,22.223332851020075,328.1345463171874
2031-07-01,4960.155847647726,1115.107109249796,8805.204586045656,0.0,10847.886728319556,141.9522316782545,0.0,401.8947427977794,0.0,539.9892018300269,440.76086236707135,0.0,1040.3157923154524,0.0,1358.8293488505299,581.0198073925606,0.0,1849.9085069659475,0.0,2524.005628614309,176.07219064158517,75.38047762291997,276.7639036602504,21.888005081754102,330.25637620141623
2031-08-01,4964.927478091837,1089.4826244828569,8840.372331700817,0.0,10899.202410180587,142.1945362674152,0.0,404.191960875379,0.0,543.3780926983596,441.7296691029279,0.0,1046.024237470992,0.0,1367.055726916526,581.8543560245952,0.0,1860.7739524022454,0.0,2540.199987977872,177.000474624795,75.51276729813864,278.48818195145134,21.59742278085244,332.4035264687376
2031-09-01,4972.968550114757,1067.3641377256654,8878.572962503848,0.0,10953.425306585552,142.9876180187328,0.0,407.0239638412104,0.0,547.2932725594015,443.5955574032287,0.0,1052.5928781632476,0.0,1376.1227048170076,584.4999861069915,0.0,1873.3724142753117,0.0,2558.085891739732,177.96925566665465,75.6917488227308,280.2467625105785,21.356823311896278,334.581688021413
2031-10-01,4986.175198019273,1050.6423447982556,8921.70805124029,0.0,11012.459879513955,144.19286950706726,0.0,410.2525119359188,0.0,551.5966969762461,446.2444047061697,0.0,1059.9084398480527,0.0,1385.917458517178,588.6325517381094,0.0,1887.3815414148035,0.0,2577.3419421805474,178.97587202003123,75.91461803000489,282.0371260100576,21.163326847803404,336.7884171922591
2031-11-01,5005.481449547698,1040.2460402068123,8970.716858888583,0.0,11077.248170100927,145.56139081506763,0.0,413.6290590323475,0.0,556.0400077727775,449.36411693924003,0.0,1067.6596444666147,0.0,1396.1291434655327,593.5789858481219,0.0,1902.1299937495962,0.0,2597.297716697254,180.00758219184934,76.168496382196,283.8466680015027,21.00398204581768,339.011182337881
2031-12-01,5030.546570197055,1035.8294507755068,9025.263689618603,0.0,11147.457159311301,146.7855773231684,0.0,416.84634114777697,0.0,560.3161219296003,452.49931031297615,0.0,1075.3918939051164,0.0,1406.3035789384408,598.4366590326736,0.0,1916.716804667013,0.0,2617.0531320352557,181.041752757836,76.43061850544213,285.6528870102299,20.855953433857877,341.2275520818141
2032-01-01,5059.747940382415,1035.765102830991,9083.73077793384,0.0,11221.471660383035,147.56573688883145,0.0,419.6049942977803,0.0,564.1258497962843,455.1422451947492,0.0,1082.5982054244914,0.0,1415.934184296542,602.2491763903213,0.0,1930.187181143339,0.0,2635.6542461683794,182.04830348179712,76.67077704774096,287.4258299158533,20.688966129648634,343.4076408339456
2032-02-01,5090.4825049413785,1037.4452623765842,9143.519747506172,0.0,11296.695782618719,147.6748279734679,0.0,421.67829325391585,0.0,567.2426341841539,456.8373350410131,0.0,1088.8237220475407,0.0,1424.5664901447587,604.1951794133317,0.0,1941.7213087136743,0.0,2652.2820649044816,182.99394353483723,76.85555865383371,289.13232841584073,20.469541685800607,345.51834538387385
2032-03-01,5119.69995116764,1037.8151043932912,9201.584797941989,0.0,11370.08612279086,147.00506294801522,0.0,422.9587554396632,0.0,569.5591545758512,457.27319991635784,0.0,1093.7577674396414,0.0,1431.890193936386,603.7438221103073,0.0,1950.7898304763496,0.0,2666.408022420809,183.84726962329643,76.95344186445965,290.7410973821332,20.16609586757761,347.52844337901524
2032-04-01,5144.531966316675,1034.0019621645506,9255.0619704688,0.0,11438.781035174616,145.5850304299468,0.0,423.47526382050034,0.0,571.1044503092319,456.33971797128953,0.0,1097.2908986621733,0.0,1437.796213404205,600.7398024123925,0.0,1957.2388811988906,0.0,2677.879016804218,184.58357408018273,76.93960499355117,292.22754316681426,19.753746416278176,349.4134017440873
2032-05-01,5162.859438235898,1023.8825202350636,9301.836356236732,0.0,11500.667843924675,143.56380195540567,0.0,423.3771740946543,0.0,572.0280280436302,454.1368824327793,0.0,1099.5237643592518,0.0,1442.3855453826902,595.399553683269,0.0,1961.2862813595975,0.0,2686.9136054376468,185.18828508648107,76.7993661486509,293.57720402431124,19.217752962928643,351.1588172100335
2032-06-01,5173.678696189743,1006.4490480358882,9340.9083443436,0.0,11554.749094925333,141.16709600391562,0.0,422.8904792045634,0.0,572.5560265299075,450.93489352630957,0.0,1100.7271978024614,0.0,1445.929359449167,588.2233588151189,0.0,1963.4336536195462,0.0,2694.014122734398,185.65830980327792,76.52952617448753,294.78709343206833,18.554859871692628,352.7617597348632
2032-07-01,5177.183113059014,981.8909953202128,9372.475230797816,0.0,11601.224168346555,138.63769014443838,0.0,422.2582219401819,0.0,572.9316294566706,447.0974438491934,0.0,1101.265503318813,0.0,1448.7922849120487,579.849565904208,0.0,1964.3206407301902,0.0,2699.820899231493,186.0010798868247,76.13741399091904,295.8647457827303,17.772341483719174,354.2298182899302
2032-08-01,5174.552423205554,951.3843036689732,9397.720542742136,0.0,11641.278606245942,136.1760428477706,0.0,421.68111718127824,0.0,573.3556879209541,442.9893034448761,0.0,1101.5040423566065,0.0,1451.3399974034633,570.8911429358316,0.0,1964.5614623168328,0.0,2704.9488194879896,186.23166710895512,75.63800204682325,296.825332171087,16.885117482565676,355.57821673534454
2032-09-01,5167.518488139723,916.6571661746138,9418.37981010483,0.0,11676.649887398795,133.89656967701663,0.0,421.2738284924334,0.0,573.9429972381236,438.89270881166624,0.0,1101.7256234271981,0.0,1453.8556093166994,561.7979336542259,0.0,1964.6071727231993,0.0,2709.8495809785913,186.36879585490368,75.04991866121814,297.6876730485892,15.911765152072718,356.8258265577347
2032-10-01,5157.83273239505,879.4574576806199,9436.208007109479,0.0,11709.09487180152,131.81042644443818,0.0,421.04775166085005,0.0,574.7050806820688,434.95390684228914,0.0,1102.0770469232325,0.0,1456.4862150912336,552.7795526739462,0.0,1964.6685579824384,0.0,2714.734592052575,186.4308116185963,74.39141637098408,298.4702068662085,14.870487645690105,357.9911355915025
2032-11-01,5146.78244896787,841.0690349101496,9452.49586302559,0.0,11739.906114243753,129.83827633861537,0.0,420.923782182561,0.0,575.5629571621571,431.1724769256894,0.0,1102.5584280485843,0.0,1459.2322145826222,543.8063486988156,0.0,1964.7171007887328,0.0,2719.575937836501,186.43261465116177,73.6773054402936,299.18792386202995,13.776047422019872,359.08918188030367
2032-12-01,5134.8854244159365,802.0063565552364,9467.764492276638,0.0,11769.606497077633,127.84837074932197,0.0,420.77039642596355,0.0,576.3852225666793,427.4341680502449,0.0,1103.0560347026876,0.0,1461.9801513617977,534.6841109355871,0.0,1964.5596885640969,0.0,2724.181089179243,186.38425566706027,72.91754943555674,299.8509618985638,12.638361750070487,360.13014958405006
2033-01-01,5121.840304838791,761.9648445286884,9481.715765148892,0.0,11797.899603438635,125.70854026118651,0.0,420.4556429451457,0.0,577.0400412459991,423.5761669624286,0.0,1103.4075563765007,0.0,1464.5679820027262,525.1780880088952,0.0,1963.9626339337517,0.0,2728.3169239563313,186.29140508339924,72.11773434091083,300.46507582588765,11.462971758963874,361.1198384078346
2033-02-01,5106.738313086283,720.0325967060462,9493.444029466518,0.0,11823.88144129352,123.33714821083889,0.0,419.89809633899307,0.0,577.4461000320749,419.4651217044006,0.0,1103.4801283865672,0.0,1466.8631006864682,515.1487900469092,0.0,1962.7874782857689,0.0,2731.845531412663,186.1573820412844,71.2810974626039,301.0336666199649,10.253071280179881,362.0616928023889
2033-03-01,5088.469888124029,675.0970220688778,9501.84275417918,0.0,11846.44708927098,120.73860202863128,0.0,419.1023688783463,0.0,577.6081200172573,415.06512973876994,0.0,1103.238320658135,0.0,1468.8303283340479,504.659358064025,0.0,1961.0983625471022,0.0,2734.831583678737,185.98600587163034,70.41137878423795,301.5606329590227,9.012358144060755,362.9596535991999
2033-04-01,5066.206874162443,626.3270258398916,9506.086722484994,0.0,11864.772891906348,118.01344096565137,0.0,418.1691985030212,0.0,577.626944694749,410.476006588275,0.0,1102.782406987605,0.0,1470.570182199749,494.0225810711154,0.0,1959.2090456118535,0.0,2737.5893548991207,185.78432241063302,69.51554717765123,302.0530976436148,7.747760335129669,363.8208844861364
2033-05-01,5039.820986344497,573.5914713901329,9506.050501298861,0.0,11878.734931118368,115.34008291634554,0.0,417.2771959000159,0.0,577.6812871725908,405.9305602754591,0.0,1102.3456400717068,0.0,1472.3161512134634,483.7725445756282,0.0,1957.6545540889808,0.0,2740.654371642949,185.5643132641639,68.60550956830922,302.52311696001857,6.471145104886432,364.65748142344137
2033-06-01,5010.117344715085,517.6927106273506,9502.54197880282,0.0,11889.142565661929,112.93308949669589,0.0,416.6411098237776,0.0,577.9859956225398,401.7509801603265,0.0,1102.2506409035354,0.0,1474.391085673365,474.5667560575418,0.0,1957.0933089600014,0.0,2744.6855401894327,185.34299817850527,67.69821321226335,302.9877831447472,5.199421198947334,365.4865751580632
2033-07-01,4978.812608199022,460.3447145798664,9497.280501818179,0.0,11897.716570303355,110.98920395719539,0.0,416.45786523863757,0.0,578.7380915444037,398.27571067735687,0.0,1102.8362730388103,0.0,1477.1340717933322,467.04376381980694,0.0,1958.164745549519,0.0,2750.3227670934284,185.1408036035316,66.81401417044873,303.46759303661446,3.952907284123455,366.32869992293973
2033-08-01,4948.256697782853,403.89479335931173,9492.618602206394,0.0,11906.8108639314,109.63573293837521,0.0,416.8549452919612,0.0,580.0651518548037,395.77629934580693,0.0,1104.374491108123,0.0,1480.8172804818537,461.6736344839675,0.0,1961.3397920831549,0.0,2758.0374383077233,184.9785667288792,65.97368126055501,303.9834521972034,2.752335855507795,367.2047976022506
2033-09-01,4920.966483659111,350.85728024998843,9491.075687068234,0.0,11918.94620137933,108.89522543857005,0.0,417.8550704884391,0.0,581.9899881711821,394.38653959950324,0.0,1106.999484123079,0.0,1485.5751109012283,458.6409314661073,0.0,1966.8038491716322,0.0,2768.015399202692,184.87393872126157,65.19479921434171,304.55307822818145,1.6152563512905544,368.1326210912326
2033-10-01,4899.090574652083,303.3783182337611,9494.802831070405,0.0,11936.274967292637,108.6760554227298,0.0,419.36678149500966,0.0,584.4212297209083,394.06306162098446,0.0,1110.6682667627679,0.0,1491.36478199434,457.7915160107899,0.0,1974.4035918020163,0.0,2780.1037570661056,184.8381373850986,64.48852126230153,305.18775350789565,0.5527876970655825,369.1234870731316
2033-11-01,4883.943118859081,262.76965787512836,9505.116579843034,0.0,11960.114980990758,108.79163466761449,0.0,421.2036521723862,0.0,587.1725364717961,394.5882577290911,0.0,1115.163605191127,0.0,1497.9692585303337,458.6578779788498,0.0,1983.6723010350725,0.0,2793.83621328369,184.87392866047136,63.85755055943727,305.8903067615055,0.0,370.1802576276798
2033-12-01,4875.726605734608,229.2314567851099,9522.221754684106,0.0,11990.672302563526,109.00342645069294,0.0,423.1273034410979,0.0,590.0056130922507,395.6153107621912,0.0,1120.139045848745,0.0,1505.0422801134764,460.5572814080211,0.0,1993.9280104305994,0.0,2808.531210223844,184.9754082970856,63.29592179060717,306.65489480356405,0.0,371.2971220101307
2034-01-01,4873.51417002061,201.83458105905174,9545.193758982168,0.0,12027.023540617996,109.07671292747058,0.0,424.90317082731855,0.0,592.6859765866128,396.7441041575055,0.0,1125.1948259208293,0.0,1512.184271857595,462.73822662114065,0.0,2004.419968978157,0.0,2823.4383946053217,185.12969298619362,62.79069223717613,307.4686937352111,0.0,372.4612878831266
2034-02-01,4875.494282805149,178.76529396314254,9572.223271647155,0.0,12067.36054696947,108.83482358766733,0.0,426.3547330794121,0.0,595.0371849969015,397.6088420139147,0.0,1129.9654937699045,0.0,1519.029965015274,464.53853365915046,0.0,2014.4867253128898,0.0,2837.8967021289386,185.3201378191314,62.32515917343247,308.31511646483034,0.0,373.65619887035785
2034-03-01,4879.413065331977,157.7675674851016,9601.058563178853,0.0,12109.432733910005,108.19808326277604,0.0,427.4024603282028,0.0,596.9797856442107,397.9553660089256,0.0,1134.197226205003,0.0,1525.3257144341692,465.5158808710929,0.0,2023.6866670509735,0.0,2851.464897209035,185.5303047659333,61.882828286048124,309.17778124581844,0.0,374.86550312575747
2034-04-01,4883.099643978239,136.66843515971414,9629.530852796765,0.0,12151.072432481606,107.1978917983034,0.0,428.07789390471146,0.0,598.5453950237408,397.6891113390965,0.0,1137.7957847576768,0.0,1530.9774550112975,465.51940995835696,0.0,2031.869626544085,0.0,2863.9931791052527,185.74771768776873,61.45116863015575,310.0442667453817,0.0,376.0768084322386
2034-05-01,4884.940880045175,113.85271980800462,9656.029040282345,0.0,12190.66962540834,105.96295678851685,0.0,428.50987921359564,0.0,599.8629317519187,396.88253829899054,0.0,1140.8339475808425,0.0,1536.0581337618264,464.68683641970506,0.0,2039.1739920014481,0.0,2875.6202934042494,185.96650116913239,61.02425140781499,310.9087509304498,0.0,377.2843211161496
2034-06-01,4884.188030904652,88.56969272717288,9679.806369082131,0.0,12227.478611238916,104.6819836207979,0.0,428.8872559097771,0.0,601.1213068132972,395.74155585781466,0.0,1143.5179333305123,0.0,1540.774133862883,463.3710847638337,0.0,2045.9533433480817,0.0,2886.700168220963,186.18829428369466,60.603663682624486,311.77292488476485,0.0,378.4897598915834
2034-07-01,4881.024581983056,61.00090380750771,9701.048260158605,0.0,12261.685839189364,103.55314851315393,0.0,429.4083310621698,0.0,602.5188967913346,394.54105799116525,0.0,1146.122937788654,0.0,1545.4008114310702,462.0185750924755,0.0,2052.654739424014,0.0,2897.680201725144,186.42127640887472,60.197534145404035,312.6450186723454,0.0,379.70138174981423
2034-08-01,4876.3887838176715,32.082716806447024,9720.694850828895,0.0,12294.23244892861,102.73386856862791,0.0,430.23064932858256,0.0,604.2133141073085,393.54742474505923,0.0,1148.9156352051393,0.0,1550.2049970120568,461.03316812355786,0.0,2059.682663595621,0.0,2908.965208065154,186.67762149129322,59.81798733297276,313.5372556496137,0.0,380.9314362962214
2034-09-01,4871.609015429063,3.1416710186504133,9740.076359839477,0.0,12326.449636557507,102.30394205908313,0.0,431.43413335458723,0.0,606.2845474803238,392.9487055840218,0.0,1152.0843619112688,0.0,1555.375179335119,460.66240355966875,0.0,2067.2852626858585,0.0,2920.8036565966463,186.97008388025262,59.47772941705064,314.4624383434546,0.0,382.19275165203067
2034-10-01,4867.957851601902,0.0,9760.467156273626,0.0,12359.612724380479,102.25124199564925,0.0,433.00677745393375,0.0,608.7206556661474,392.810532399495,0.0,1155.6950295818253,0.0,1560.9774187099383,460.9355217117652,0.0,2075.4923691347794,0.0,2933.2256943282555,187.3086135924943,59.18666342641794,315.43056375857066,0.0,383.4953497842988
2034-11-01,4866.249259984425,0.0,9782.682958205954,0.0,12394.53836038614,102.48290004837213,0.0,434.8558316333281,0.0,611.4289515378359,393.068414254973,0.0,1159.6834202226842,0.0,1566.9476421430306,461.6679262307207,0.0,2084.1199642442557,0.0,2946.047609438946,187.69785463784723,58.9493875318409,316.44632174385356,0.0,384.8439448939194
2034-12-01,4866.588283592333,0.0,9806.830516693562,0.0,12431.334203028591,102.8580189011494,0.0,436.8405140479148,0.0,614.2687145946338,393.55699926973983,0.0,1163.8844482864617,0.0,1573.120905576595,462.5283239975478,0.0,2092.8373185590094,0.0,2958.9389719197857,188.13611382981128,58.764163817707725,317.5080638419148,0.0,386.2369122858448
2035-01-01,4868.338486582428,0.0,9832.275062972767,0.0,12469.366369180134,103.23224924733783,0.0,438.8165880930898,0.0,617.0957681048956,394.06688271884894,0.0,1168.0889689943938,0.0,1579.2882023282768,463.14775440553586,0.0,2101.2760216183738,0.0,2971.5316635751938,188.61597480683633,58.62353226604071,318.608417347632,0.0,387.6669024474296
2035-02-01,4870.311627831254,0.0,9857.829983399948,0.0,12507.44910979582,103.50156542336848,0.0,440.68013813020855,0.0,619.8062548807172,394.41226664789025,0.0,1172.1114381635114,0.0,1585.2641230311851,463.238630561347,0.0,2109.1490236069303,0.0,2983.5389199123956,189.1262857452589,58.51629843376011,319.7362730567577,0.0,389.12282881599145
2035-03-01,4871.123028825228,0.0,9882.11218864622,0.0,12544.20017980112,103.63303104535524,0.0,442.39833521138576,0.0,622.3674030495895,394.490136923259,0.0,1175.8490894603246,0.0,1590.9460329956405,462.6896413352127,0.0,2116.345537835206,0.0,2994.8502328508275,189.65488921582048,58.43026327504015,320.8795151566008,0.0,390.59259768764036
2035-04-01,4869.61127663295,0.0,9903.961817919513,0.0,12578.460542977999,103.67408836007064,0.0,444.0187265149629,0.0,624.8268155347494,394.3142544485446,0.0,1179.3159258120882,0.0,1596.3480637239709,461.60938873657113,0.0,2122.97467852775,0.0,3005.574988729313,190.19128339871614,58.35488432362936,322.0276824738029,0.0,392.06576948244276
2035-05-01,4865.204053825668,0.0,9922.808070082883,0.0,12609.66020371953,103.73788300291199,0.0,445.65456018445263,0.0,627.2977949371461,394.014376491931,0.0,1182.6419409209798,0.0,1601.600334523912,460.3059486541815,0.0,2129.3450219585357,0.0,3016.022029651474,190.7284500019843,58.28310357987186,323.17379642409674,0.0,393.53538671084397
2035-06-01,4858.127182126974,0.0,9938.878248452693,0.0,12638.02725243823,103.9687173090438,0.0,447.4502387173245,0.0,629.9247969654735,393.8007607050604,0.0,1186.0376234620453,0.0,1606.9134568016937,459.2072100734478,0.0,2135.8849460472957,0.0,3026.6199932834024,191.26333917327264,58.21183239239775,324.31484595414753,0.0,394.99845893148733
2035-07-01,4849.396926982139,0.0,9953.19006646955,0.0,12664.580171822236,104.49713843135527,0.0,449.536407157436,0.0,632.8385186681662,393.90354035030543,0.0,1189.7333324822453,0.0,1612.5179095523386,458.7430861538488,0.0,2143.0248418004862,0.0,3037.7995244877625,191.7958931118806,58.14097504131715,325.450811182444,0.0,396.45498640743085
2035-08-01,4840.5944218575005,0.0,9967.32607305474,0.0,12690.902262753272,105.3969751201762,0.0,451.98698994620935,0.0,636.1129353225394,394.5034362577022,0.0,1193.9100095222104,0.0,1618.5947515689804,459.2211568891763,0.0,2151.072756320359,0.0,3049.8689185181743,192.3269099803855,58.0712926221652,326.5825273386058,0.0,397.9058240601603
2035-09-01,4833.479829780159,0.0,9983.047815164602,0.0,12718.755807400088,106.65611535622642,0.0,454.7899686241774,0.0,639.7360781727764,395.6726723526857,0.0,1198.6400943021943,0.0,1625.2165372128707,460.7292463436472,0.0,2160.116970375918,0.0,3062.916698768062,192.85538380740604,58.00174292209405,327.709024692718,0.0,399.35002141304
2035-10-01,4829.546863558883,0.0,10001.850358985772,0.0,12749.636590931306,108.16913937431777,0.0,457.8400149205556,0.0,643.6026675544944,397.3422868750595,0.0,1203.8548360929726,0.0,1632.3146278649888,463.0914119432825,0.0,2169.981988015841,0.0,3076.767606554388,193.3761144612277,57.927090367982515,328.8251385544729,0.0,400.7824326040094
2035-11-01,4829.634216882921,0.0,10024.573721969964,0.0,12784.385334047456,109.75410156073772,0.0,460.95527271390154,0.0,647.5308948890198,399.3050412570319,0.0,1209.3472027398236,0.0,1639.6821010275567,465.8897787520266,0.0,2180.2503711534746,0.0,3091.004435866743,193.8783226699287,57.836521022051585,329.92012431780586,0.0,402.1923314432405
2035-12-01,4833.695339677608,0.0,10051.17264908901,0.0,12822.957469713816,111.1893617310812,0.0,463.9141893707516,0.0,651.2992540543265,401.2537248576606,0.0,1214.810185537219,0.0,1647.0120552732342,468.5473843438949,0.0,2190.345584735792,0.0,3105.0508786939863,193.58694072312102,56.95493326005192,330.2189481861901,0.0,402.80470215094556
2036-01-01,4840.786153265253,0.0,10080.704328860333,0.0,12864.410859645217,112.26110629454297,0.0,466.50303696836454,0.0,654.6940626388322,402.8453587122958,0.0,1219.9010031130838,0.0,1653.9618142010022,470.45131937185823,0.0,2199.655137597606,0.0,3118.294666030034,192.6992703196771,55.47959559634887,329.91894504300535,0.0,402.8168972397734
2036-02-01,4849.2731230326635,0.0,10111.5364668459,0.0,12907.113868246684,112.80945579098761,0.0,468.5620198879986,0.0,657.5555695645356,403.7750790556184,0.0,1224.314985081476,0.0,1660.2268101577126,471.08514212281335,0.0,2207.6629972909127,0.0,3130.219982848965,191.75376114809637,53.948925242516395,329.55859705367635,0.0,402.7674161285157
2036-03-01,4857.206898898063,0.0,10141.720926918926,0.0,12949.119004305008,112.7615247877363,0.0,470.0183347657677,0.0,659.8110150665968,403.8410826625185,0.0,1227.850517508176,0.0,1665.6055297699313,470.1374692869961,0.0,2214.0581811182324,0.0,3140.516059278577,190.7317635177379,52.34424071762541,329.1192863178504,0.0,402.6376578054102
2036-04-01,4862.764617996561,0.0,10169.436034718923,0.0,12988.605224852678,112.14331887111254,0.0,470.8980675362146,0.0,661.4865277645501,402.9845231463128,0.0,1230.448939328904,0.0,1670.0394104259055,467.5602415510538,0.0,2218.793021979657,0.0,3149.1354365823527,189.62040909863373,50.65264256790371,328.5881756293637,0.0,402.41480159881405
